"","0.05","0.1","0.15","0.2","0.25","0.3","0.35","0.4","0.45","0.5","0.55","0.6","0.65","centrality"
"CLDN6",0,0,5,16,33,63,91,136,200,278,393,549,786,23.1246654457142
"CLDN7",0,0,5,18,30,54,85,134,196,268,376,551,770,22.9861384293845
"KRT18",0,0,3,14,34,53,90,125,183,266,379,543,767,22.8536724975715
"CLDN4",0,0,2,16,28,52,88,129,192,265,373,530,750,22.7694528676301
"ANXA3",0,0,1,12,30,57,96,129,187,274,381,531,761,22.7558713971616
"EPCAM",0,0,2,15,29,49,81,127,184,258,372,519,744,22.6618189887336
"ARHGAP29",0,0,2,13,27,52,85,124,177,262,370,520,729,22.6178087798414
"KRT19",0,0,1,10,26,53,84,125,179,261,371,553,776,22.5863757590849
"KRT8",0,0,2,9,29,47,80,118,176,252,363,535,755,22.5047792543483
"TACSTD2",0,0,1,8,23,49,79,118,177,250,362,503,718,22.3025023405516
"SPINT2",0,0,0,6,26,48,80,115,176,251,362,525,745,22.2148364663579
"WNT6",0,0,0,4,23,45,78,114,172,243,364,515,737,22.0450094786495
"ACSM3",0,0,0,4,17,40,72,115,161,238,340,483,695,21.7605627353903
"CDH6",0,0,0,3,19,45,75,111,162,234,331,479,691,21.7477476910093
"ANXA2",0,0,0,8,14,37,58,100,148,221,319,482,677,21.5520664314152
"CDH1",0,0,0,3,18,37,64,98,156,221,324,471,687,21.5026312390831
"PLP1",0,0,0,1,10,33,69,102,153,234,353,515,727,21.3927708127041
"EFNA1",0,0,0,2,16,35,65,93,150,223,322,467,671,21.3488351770591
"SEMA3D",0,0,0,2,18,37,64,102,144,225,309,447,646,21.336848668412
"VAMP8",0,0,0,2,17,34,63,100,144,215,316,459,671,21.3155462801607
"CD24",0,0,0,4,14,33,62,103,148,212,307,454,622,21.3032722937889
"DMKN",0,0,0,1,11,32,67,101,148,211,331,482,700,21.2256585158038
"CYP26A1",0,0,0,2,11,31,58,95,146,213,304,433,631,21.0440062483258
"MYL12B",0,0,0,2,11,28,59,96,144,213,301,436,646,21.032280916995
"PDLIM1",0,0,0,1,14,31,59,95,143,213,304,427,633,21.0090038377798
"TSTD1",0,0,0,0,12,34,66,94,144,207,304,454,641,20.9296664810823
"LY6E",0,0,0,3,10,30,51,89,137,203,291,416,603,20.870501729632
"TINAGL1",0,0,0,0,12,31,55,95,136,205,291,426,622,20.7322402159638
"PERP",0,0,0,0,9,27,58,82,135,198,291,458,654,20.641986706177
"RPS2",0,0,1,7,13,35,54,68,108,161,242,328,510,20.5582530085791
"TDRP",0,0,0,0,8,29,50,90,132,202,281,417,619,20.5110636393699
"SLC2A3",0,0,0,2,5,24,48,87,129,183,287,411,590,20.4596779691391
"RPS3",0,0,1,6,14,36,57,73,101,152,215,305,473,20.3880187931105
"EDNRB",0,0,0,1,3,20,50,84,122,183,293,438,656,20.3183732023771
"ATP1B3",0,0,0,0,1,25,51,91,139,201,300,463,675,20.2786063041199
"SEMA3A",0,0,0,0,4,22,44,74,121,185,285,424,621,20.100477724294
"SPP1",0,0,0,0,3,20,45,86,121,178,273,425,624,20.0462430694841
"KRT7",0,0,0,0,6,20,42,68,117,179,257,391,609,19.9588166151071
"TPM1",0,0,0,0,4,25,44,75,116,175,251,393,557,19.9104637844851
"PTN",0,0,0,0,2,16,43,78,116,176,265,408,606,19.7726115028323
"SMAGP",0,0,0,0,1,15,41,78,126,191,273,414,624,19.7583849370987
"RPL13",0,0,0,7,18,41,60,70,80,111,165,254,383,19.7581973670131
"TTYH1",0,0,0,0,4,12,41,70,119,182,253,390,576,19.703570819317
"EZR",0,0,0,0,2,15,37,70,117,175,260,410,608,19.656030900825
"PCP4",0,0,0,0,2,19,42,74,111,180,248,370,564,19.6426181037214
"DSC2",0,0,0,0,2,14,36,71,114,177,261,398,608,19.6113152836531
"SCRG1",0,0,0,0,2,11,37,71,115,171,275,417,603,19.5916420593356
"ZEB2",0,0,0,0,0,14,42,76,113,179,286,436,597,19.5106341225806
"GRIA4",0,0,0,0,1,14,34,70,111,170,257,385,596,19.4116782152336
"RAB25",0,0,0,0,2,17,40,63,102,164,242,362,538,19.3898094533669
"PAX3",0,0,0,0,0,16,42,73,114,170,247,386,585,19.3441598064397
"RPL18A",0,0,0,5,14,35,59,68,75,90,143,211,353,19.2037351537689
"TNFRSF12A",0,0,0,0,2,11,34,58,97,158,247,375,553,19.1894956755093
"RPS18",0,0,0,11,27,50,65,71,78,85,108,160,275,19.1623954533041
"RPLP0",0,0,0,2,7,16,41,58,84,128,196,274,420,19.1613815092328
"RPS14",0,0,1,10,27,51,63,75,79,88,106,150,237,19.1435076594511
"VIM",0,0,0,0,1,11,32,63,98,157,244,364,555,19.0793209382195
"FREM2",0,0,0,0,0,14,34,60,105,167,249,371,529,19.0271758812165
"LDHB",0,0,0,0,0,2,25,71,124,192,287,429,646,18.9445946794658
"PRSS56",0,0,0,0,0,7,35,66,102,163,251,368,561,18.8986425843219
"INSC",0,0,0,0,2,5,29,63,98,150,229,364,564,18.8924158381315
"RPL21",0,0,0,9,26,46,63,72,79,84,108,140,228,18.8859675568597
"TES",0,0,0,0,0,13,35,57,99,156,230,351,529,18.8594540183324
"RPLP1",0,0,0,6,18,40,61,71,77,85,108,157,262,18.821917973081
"PRSS8",0,0,0,0,0,12,28,58,98,156,226,365,548,18.8005466571675
"SPINT1",0,0,0,0,0,12,29,50,92,156,240,364,565,18.7770896949045
"CENPV",0,0,0,0,0,2,23,65,108,162,264,438,638,18.6942350189222
"DSP",0,0,0,0,0,7,25,56,91,154,243,380,563,18.644811588538
"RPS19",0,0,1,12,22,48,63,69,76,80,92,124,173,18.6186296932629
"MEIS2",0,0,0,0,0,5,33,60,100,155,233,346,528,18.6039997683795
"RPL7",0,0,0,3,17,36,58,69,76,79,99,153,254,18.5122256129437
"RPL32",0,0,0,3,14,34,58,66,78,87,100,156,254,18.5086960067437
"PATJ",0,0,0,0,0,5,22,56,91,150,238,372,553,18.4667751532913
"RPS6",0,0,0,3,13,31,54,67,78,86,107,148,246,18.4249616426008
"PTPRZ1",0,0,0,0,0,3,25,58,96,148,230,354,523,18.3344001767859
"VGLL1",0,0,0,0,0,10,27,49,82,136,217,325,469,18.3318050639063
"RPS25",0,0,0,7,22,42,61,71,78,84,95,114,160,18.331126160819
"DHRS3",0,0,0,0,0,1,26,54,94,156,243,388,581,18.2815837563647
"GYPC",0,0,0,0,0,3,19,46,96,145,259,367,563,18.2758868193782
"RPL36",0,0,0,2,17,37,57,64,78,86,101,132,202,18.2552352103291
"PIK3C2G",0,0,0,0,0,5,16,45,86,147,223,343,524,18.1208730536892
"AP1M2",0,0,0,0,0,5,22,48,84,135,212,330,502,18.1205647708078
"LSR",0,0,0,0,0,2,17,48,87,139,214,360,538,17.959057510489
"RPL35",0,0,0,0,3,20,42,61,76,91,119,189,310,17.9550111392094
"PLAT",0,0,0,0,1,8,12,38,74,141,195,316,443,17.9369843742803
"RPL37A",0,0,0,1,12,33,57,65,73,82,96,124,197,17.9314943297139
"TMEM54",0,0,0,0,0,1,19,47,91,149,224,349,538,17.9269835959886
"RPL23",0,0,0,4,18,30,53,68,73,79,87,114,158,17.9101053724633
"RPS27",0,0,0,5,17,31,50,61,73,80,95,112,140,17.8452303241897
"RPL19",0,0,0,0,7,17,44,64,77,83,107,159,263,17.8096294447024
"OCIAD2",0,0,0,0,0,2,22,49,83,130,201,302,468,17.7689608017933
"ITGA4",0,0,0,0,0,3,15,44,82,131,204,312,465,17.7079366568616
"LYPD6B",0,0,0,0,0,2,16,45,74,126,208,327,497,17.6686101636135
"RPS15",0,0,0,0,1,7,30,58,76,97,140,223,349,17.6536880571807
"RPL23A",0,0,0,0,8,18,43,64,75,85,101,136,218,17.6014829963532
"CDH3",0,0,0,0,0,4,15,39,76,121,190,301,461,17.5886359454142
"PHACTR3",0,0,0,0,0,5,13,38,72,114,205,300,463,17.5753183879147
"ANXA1",0,0,0,0,0,1,20,40,69,126,202,320,511,17.5329112048311
"RPL31",0,0,0,4,13,31,48,61,71,77,84,100,131,17.5235694618449
"MUC15",0,0,0,0,0,2,19,44,69,117,198,301,454,17.513687335749
"RPS29",0,0,0,1,11,21,48,58,75,82,96,117,156,17.5036328098273
"RPL10",0,0,0,0,3,17,40,56,73,81,97,145,241,17.3505503719988
"SPATS2L",0,0,0,0,0,1,15,38,69,121,188,308,485,17.3016094766494
"RPS7",0,0,0,0,0,15,40,56,67,83,111,177,296,17.2681046135125
"GABRP",0,0,0,0,0,3,15,30,61,118,193,277,429,17.2220165040862
"SOX5",0,0,0,0,0,0,14,44,79,121,197,308,491,17.2219678730044
"RPL39",0,0,0,0,8,25,48,64,71,77,83,109,156,17.2052785172552
"RPS3A",0,0,0,0,2,15,34,57,70,80,99,147,234,17.1703107873293
"CXADR",0,0,0,0,0,0,12,35,75,119,200,338,515,17.1461028864376
"RPL27A",0,0,0,1,9,22,41,60,70,80,87,99,131,17.1223470174496
"NSG1",0,0,0,0,0,0,16,40,74,129,188,294,450,17.121290216184
"PBX1",0,0,0,0,0,0,19,37,76,121,187,288,432,17.0861423374608
"RPL18",0,0,0,0,2,15,40,58,70,77,89,138,222,17.0839965777703
"HHIP",0,0,0,0,0,2,7,34,70,112,181,275,439,16.9522750746244
"MOXD1",0,0,0,0,0,3,9,27,62,107,176,273,449,16.9459212809376
"MYL6",0,0,0,0,0,3,14,27,53,98,171,261,413,16.8781319763036
"RPL29",0,0,0,0,0,10,29,53,69,80,108,158,253,16.8352798504256
"RPL37",0,0,0,1,5,18,34,58,66,78,85,101,133,16.83059397209
"RPL9",0,0,0,0,2,15,35,61,69,76,88,113,177,16.7738690212449
"C2orf54",0,0,0,0,0,1,15,29,55,101,166,277,403,16.7551127628081
"RPS8",0,0,0,0,2,15,38,57,70,76,83,113,174,16.7387413162491
"PLD3",0,0,0,0,0,0,8,34,68,107,187,297,467,16.7323849311005
"RPS16",0,0,0,0,0,8,28,48,66,76,102,164,266,16.70284327842
"GRHL2",0,0,0,0,0,0,14,34,58,101,172,270,423,16.6452434667836
"VCAN",0,0,0,0,0,0,5,34,69,113,186,302,472,16.6379385470404
"RPL8",0,0,0,0,0,8,22,43,66,83,107,161,265,16.6347888572568
"MYL12A",0,0,0,0,0,0,15,31,52,106,178,265,421,16.6121596248381
"RPS24",0,0,0,0,0,8,29,55,67,79,96,138,233,16.5722530407807
"CAPG",0,0,0,0,0,0,10,32,61,103,165,268,412,16.5009333396889
"RPL41",0,0,0,0,0,6,28,52,70,84,105,142,205,16.4956927131773
"SERPINF1",0,0,0,0,0,0,9,29,61,108,175,265,421,16.4923855862611
"RPS27A",0,0,0,0,2,14,28,55,70,76,86,112,141,16.4798407488107
"RPL5",0,0,0,0,0,8,22,46,59,79,99,153,248,16.4714773062407
"PEG3",0,0,0,0,0,0,5,28,65,121,181,285,433,16.4646670140523
"RPL27",0,0,0,0,0,7,24,50,65,81,101,139,232,16.4637690075312
"LSAMP",0,0,0,0,0,1,5,27,61,101,169,265,426,16.4493351866256
"RPS17",0,0,0,0,0,5,31,54,65,81,94,130,237,16.4288995605728
"PCSK1N",0,0,0,0,0,0,4,30,59,116,174,293,476,16.4201060366834
"RPL13A",0,0,0,0,2,17,35,53,68,75,79,89,135,16.3655305708304
"RPL14",0,0,0,0,1,14,26,56,66,74,84,109,150,16.3322993056749
"H2AFZ",0,0,0,0,1,3,6,20,39,69,146,261,406,16.2637692016333
"ERRFI1",0,0,0,0,0,0,3,27,58,106,169,300,477,16.248593372797
"STAP2",0,0,0,0,0,0,6,24,52,103,166,271,433,16.2033024765579
"RPL34",0,0,0,0,3,10,29,52,65,74,86,96,118,16.1960730346867
"ID3",0,0,0,0,0,0,5,24,59,100,168,276,416,16.182042296687
"MAL2",0,0,0,0,0,0,6,28,54,97,162,259,403,16.1626618165816
"RPL7A",0,0,0,0,0,10,24,48,62,73,84,116,179,16.0953309182929
"RPL11",0,0,0,0,0,11,26,54,71,77,83,104,143,16.0645064332157
"HEY2",0,0,0,0,1,2,7,13,43,84,147,230,350,16.033937338819
"RPS13",0,0,0,0,0,9,25,49,64,77,87,109,151,16.0010930091634
"RPL35A",0,0,0,0,0,8,28,46,61,78,89,112,150,15.9922742577227
"RPS15A",0,0,0,0,0,7,24,47,65,76,85,109,176,15.9908433089976
"MET",0,0,0,0,0,0,4,20,53,93,168,273,405,15.9412531673119
"PKP2",0,0,0,0,0,0,5,22,47,99,154,256,384,15.8988766810339
"ENPP2",0,0,0,0,0,0,3,24,59,99,149,252,405,15.8978061610638
"RPS11",0,0,0,0,1,10,25,43,64,75,85,93,118,15.8728041132744
"MEGF10",0,0,0,0,0,0,5,18,55,93,148,248,416,15.8720953081803
"LMX1A",0,0,1,5,10,15,20,27,35,50,63,77,116,15.8673594512219
"ATP5G2",0,0,0,0,0,0,4,17,42,107,162,257,424,15.8202539593322
"C4orf19",0,0,0,0,0,0,6,21,50,83,140,248,383,15.8024228044291
"SPC25",0,0,0,0,2,6,13,30,53,74,95,119,159,15.7912274726436
"RPL24",0,0,0,0,0,4,23,49,61,74,89,109,157,15.7617842561863
"OAF",0,0,0,0,0,0,1,23,58,101,157,260,400,15.6804157420426
"SELENOP",0,0,0,0,0,0,1,23,55,94,156,265,415,15.6531481493467
"EEF1A1",0,0,0,0,1,7,21,38,55,69,82,95,132,15.6277628391397
"NUSAP1",0,0,0,0,1,5,10,25,51,77,93,128,172,15.5740697925919
"RPS28",0,0,0,0,0,5,19,47,59,73,83,102,142,15.572637782448
"FAM83B",0,0,0,0,0,0,2,20,45,95,150,245,382,15.5363115750523
"TMEM40",0,0,0,0,0,0,4,20,43,84,138,223,370,15.5118028429794
"RRM2",0,0,0,0,1,5,11,25,44,66,94,125,180,15.4845395135089
"HAPLN1",0,0,0,0,0,0,2,21,53,88,140,215,366,15.4457624737511
"RPS12",0,0,0,0,0,6,25,43,63,72,78,86,115,15.4270846089462
"ARL4C",0,0,0,0,0,0,2,16,42,84,145,250,427,15.4263508015104
"RPL6",0,0,0,0,0,0,14,31,57,77,98,140,238,15.3959388601528
"RPSA",0,0,0,0,0,3,12,30,58,70,86,114,197,15.3940295657492
"RPL38",0,0,0,0,0,0,15,37,56,75,94,135,223,15.3799754128709
"ECEL1",0,0,0,0,0,1,2,12,49,79,129,237,361,15.3599369576063
"CENPU",0,0,0,0,0,5,13,18,38,70,94,135,190,15.2851191271316
"EXPH5",0,0,0,0,0,0,3,14,37,76,142,235,383,15.2530208784769
"RPS23",0,0,0,0,0,0,14,38,58,72,90,127,199,15.2294609743617
"COL17A1",0,0,0,0,0,0,1,21,42,83,142,229,355,15.1980840530738
"RPS20",0,0,0,0,0,6,18,39,57,71,76,89,108,15.193765790991
"RPS5",0,0,0,0,0,1,12,27,55,69,83,123,206,15.1695995095544
"PBK",0,0,0,0,2,3,8,22,45,71,86,113,151,15.1384802297173
"TPM2",0,0,0,0,0,0,0,14,48,95,152,248,424,15.1277838647701
"MT1F",0,0,0,0,0,0,0,14,42,92,160,262,413,15.0969375821142
"RANBP1",0,0,0,0,1,1,3,9,22,55,126,239,416,15.0853085511599
"RACK1",0,0,0,0,0,0,6,22,43,66,107,174,269,15.0535159161211
"STARD10",0,0,0,0,0,0,1,14,41,80,130,236,370,15.0127234523371
"EIF4EBP1",0,0,0,0,0,0,0,7,41,98,165,284,462,15.0038972468801
"CXCR4",0,0,0,0,0,0,0,15,45,90,145,235,393,14.991264686573
"TK1",0,0,0,0,0,5,11,17,36,62,91,121,164,14.9481351974907
"RPS21",0,0,0,0,0,1,16,33,51,65,82,98,130,14.8393125832586
"ESRP1",0,0,0,0,0,0,1,12,36,73,134,219,372,14.8286304921936
"RPL3",0,0,0,0,0,2,7,24,45,66,77,112,192,14.8235446629461
"PCLAF",0,0,0,0,0,5,9,17,33,57,86,119,178,14.817210352551
"VIT",0,0,0,0,0,0,2,6,34,79,136,233,389,14.8109758645136
"SCUBE1",0,0,0,0,0,0,0,10,44,87,149,226,378,14.7810425923005
"TPD52L1",0,0,0,0,0,0,0,15,40,77,135,226,354,14.7323040930603
"RPLP2",0,0,0,0,0,2,9,30,52,71,80,98,120,14.7253305713374
"ENO1",0,0,1,3,4,4,6,7,11,29,84,155,273,14.7199787177953
"ZWINT",0,0,0,0,0,2,8,18,38,59,87,121,174,14.6742216600573
"DOCK9",0,0,0,0,0,0,1,14,35,69,120,202,334,14.6674459701564
"THY1",0,0,0,0,0,0,1,8,33,80,137,214,359,14.6639181216996
"ST8SIA3",0,0,0,1,3,5,13,17,24,40,59,96,139,14.6166134612473
"ROPN1",0,0,0,0,0,0,1,11,32,66,121,215,331,14.5530552344761
"TINCR",0,0,0,0,0,0,0,16,38,67,120,215,338,14.5413938454549
"BCHE",0,0,0,0,0,0,0,9,42,77,128,203,359,14.4816649417526
"CLDN3",0,0,0,0,0,0,0,14,35,66,118,215,352,14.4650391152701
"ERP27",0,0,0,0,0,0,1,12,34,61,120,193,300,14.4400764439764
"MARVELD3",0,0,0,0,0,0,0,9,36,72,125,212,365,14.4046188334216
"RPL12",0,0,0,0,0,2,8,24,45,68,77,88,107,14.3588614734834
"IRF6",0,0,0,0,0,0,0,15,31,69,120,190,323,14.3393964083517
"SLC2A14",0,0,0,0,0,1,3,7,27,57,100,163,275,14.3061340357573
"MCM10",0,0,0,0,0,2,10,18,25,45,75,114,172,14.3055889146996
"KCNQ2",0,0,0,0,0,0,0,7,30,77,123,210,371,14.264976018481
"NDC80",0,0,0,0,0,2,7,16,37,55,80,99,134,14.208740933703
"CLSPN",0,0,0,0,0,1,7,16,31,46,79,118,179,14.2066996865095
"COBLL1",0,0,0,0,0,0,0,4,29,69,135,217,340,14.0219424428089
"METRN",0,0,0,0,0,0,0,3,27,68,138,230,384,14.0200824831474
"TMSB15A",0,0,0,0,0,0,2,5,15,45,115,223,397,14.0158597516339
"STON2",0,0,0,0,0,0,0,5,33,65,115,198,340,13.9795745049592
"TM7SF2",0,0,0,0,0,0,0,5,22,62,131,212,353,13.9166028984402
"IRX2",0,0,0,0,0,0,0,5,27,59,117,208,357,13.9149916341766
"ETHE1",0,0,0,0,0,0,0,5,28,64,121,191,331,13.8892270737486
"FXYD6",0,0,0,0,0,0,0,3,31,70,125,199,347,13.888315919834
"CENPK",0,0,0,0,0,0,5,14,27,53,83,119,177,13.8819235402546
"ACSM1",0,0,0,0,0,0,1,4,19,61,120,197,318,13.8560426290965
"EPHX1",0,0,0,0,0,0,0,3,27,63,124,206,348,13.7944518966137
"FANCI",0,0,0,0,0,1,4,10,27,47,79,114,164,13.741436551796
"ACKR3",0,0,0,0,0,0,0,6,22,57,116,185,323,13.7316849156952
"PSME1",0,0,0,0,0,0,0,5,22,59,115,192,314,13.6861093996585
"MDK",0,0,0,0,0,0,0,5,24,49,106,191,355,13.6644674688205
"TRIM38",0,0,0,0,0,0,0,5,25,57,107,181,313,13.6477503630789
"WNT3A",0,0,1,1,1,5,10,18,25,30,45,62,84,13.6329490512253
"RPL4",0,0,0,0,0,0,2,11,33,55,84,107,185,13.6274873076517
"ANKFN1",0,0,0,0,0,2,8,16,26,33,63,92,120,13.6024137246783
"ALX1",0,0,0,0,0,0,0,3,26,65,116,186,301,13.6021101007083
"ZIC2",0,0,0,1,3,4,10,15,24,34,44,62,81,13.5864141023633
"HMGB2",0,0,0,0,0,1,6,12,22,45,71,93,131,13.4922500292366
"RPL30",0,0,0,0,0,0,3,14,44,61,73,88,113,13.48393503431
"LRP2",0,0,0,0,0,0,0,1,22,69,119,212,354,13.4792512115316
"FHOD3",0,0,0,0,0,0,0,1,29,63,111,195,352,13.462486647409
"GPR87",0,0,0,0,0,0,0,6,23,49,98,169,274,13.4241959792802
"ADAMTS19",0,0,0,0,0,0,0,5,28,49,87,171,288,13.4222076952234
"RPL15",0,0,0,0,0,0,5,19,38,54,73,80,89,13.4064596368064
"PDGFC",0,0,0,0,0,0,0,3,21,55,96,182,299,13.307404032235
"RPL28",0,0,0,0,0,0,2,19,36,63,73,85,97,13.3072348529754
"MAOA",0,0,0,0,0,0,0,5,16,51,102,171,293,13.2991961301917
"EGFL6",0,0,0,1,1,2,5,18,26,36,52,64,82,13.2955161792317
"ARPC2",0,0,0,0,0,0,0,6,17,45,94,174,288,13.2800332709274
"NPM1",0,0,0,0,0,0,0,5,30,48,88,143,258,13.2704844019678
"CENPF",0,0,0,0,0,1,4,13,21,40,67,89,131,13.2690617824556
"KCNK10",0,0,0,1,2,5,7,12,21,29,46,61,81,13.2543917491517
"SNRPD2",0,0,0,0,0,0,1,3,27,55,94,138,205,13.2377232925623
"EPSTI1",0,0,0,0,0,0,0,1,21,56,115,193,322,13.2204171207937
"CYP26B1",0,0,0,0,0,0,0,2,16,59,104,191,303,13.1918066231209
"APOE",0,0,0,0,0,0,0,2,17,52,101,192,325,13.1880906218342
"F11R",0,0,0,0,0,0,0,1,23,57,102,176,315,13.1336278230559
"FABP5",0,0,0,0,0,0,0,1,10,48,128,224,374,13.0772808746409
"UTRN",0,0,0,0,0,0,0,1,20,60,100,174,304,13.0581214246978
"BIRC5",0,0,0,0,0,2,4,11,16,26,47,95,178,13.0492842983716
"GPRC5A",0,0,0,0,0,0,0,1,23,49,107,169,308,13.0467176657266
"MACC1",0,0,0,0,0,0,0,3,17,48,93,158,277,12.9992035600361
"MYOF",0,0,0,0,0,0,0,0,25,60,109,194,299,12.9781029190469
"RPS4X",0,0,0,0,0,0,1,10,35,61,73,84,108,12.9601130157486
"JUP",0,0,0,0,0,0,0,1,17,48,99,175,322,12.9144443217436
"LDHA",0,0,1,2,4,4,5,7,7,12,32,89,187,12.912653426889
"BUB1B",0,0,0,0,0,1,3,7,16,43,69,96,122,12.9013834202376
"SPATA13",0,0,0,0,0,0,2,6,14,30,69,141,210,12.8873709578419
"PAX6",0,0,0,0,1,3,8,15,19,31,43,54,79,12.8822081912713
"SCUBE3",0,0,0,0,0,0,0,1,18,46,98,168,304,12.8507880150266
"EFEMP1",0,0,0,0,0,0,0,0,14,54,115,201,342,12.8162491973193
"NID1",0,0,0,0,0,0,0,1,17,50,94,159,299,12.8010341676865
"TPI1",0,0,0,2,2,3,5,6,7,15,37,93,196,12.7985184478556
"PTPRF",0,0,0,0,0,0,0,1,19,51,93,159,269,12.7838509473517
"CRABP2",0,0,0,0,0,0,0,1,17,52,88,168,277,12.7677150762587
"ITGA8",0,0,0,0,0,0,0,4,13,38,89,157,247,12.7593128098704
"SPTBN4",0,0,0,0,1,2,4,8,14,33,53,74,107,12.7546858261938
"HMGB1",0,0,0,0,0,2,2,7,12,25,47,97,215,12.703222092371
"GPM6B",0,0,0,0,0,0,0,2,14,42,93,155,254,12.6692146027612
"TMEM88",0,0,0,0,1,2,8,14,21,27,35,54,75,12.6025025218243
"NECTIN4",0,0,0,0,0,0,0,2,12,39,83,159,276,12.5757767609078
"SNRPB",0,0,0,0,0,1,2,4,9,20,61,121,264,12.5738190563903
"RPL10A",0,0,0,0,0,0,0,9,27,57,74,84,109,12.5462690261539
"MAB21L2",0,0,0,0,1,2,9,12,17,26,34,53,83,12.5122035123343
"EBF2",0,0,0,1,1,1,4,10,14,25,41,65,107,12.5028890563004
"PTMA",0,0,0,0,0,0,1,4,13,31,70,119,210,12.5024971926977
"WNT1",0,0,0,1,1,1,5,13,21,28,37,49,81,12.4894698523285
"TSPAN13",0,0,0,0,0,0,0,0,12,49,94,177,319,12.4733497813933
"SINHCAF",0,0,0,0,0,0,0,2,12,36,79,153,266,12.463128921126
"TMEFF2",0,0,0,0,0,0,0,0,10,40,109,194,331,12.4582405722312
"LIMCH1",0,0,0,0,0,0,0,1,16,41,79,150,250,12.4330666477862
"FZD6",0,0,0,0,0,0,0,0,15,46,87,177,287,12.4252684160896
"ATAD2",0,0,0,0,0,0,2,8,14,29,60,94,144,12.4108091061244
"DIAPH3",0,0,0,0,0,0,1,5,16,44,66,100,124,12.3576397306139
"RPS9",0,0,0,0,0,0,0,7,30,56,65,81,98,12.3337660516681
"PYGL",0,0,0,0,0,0,0,1,10,47,80,144,268,12.3314619277006
"BUB1",0,0,0,0,0,0,2,7,15,39,63,86,104,12.3004003644136
"HDDC2",0,0,0,0,0,0,0,1,8,34,82,174,305,12.2932481976813
"DLGAP5",0,0,0,0,0,0,4,11,18,30,49,67,95,12.2494006726798
"CDH15",0,0,0,0,0,1,3,13,16,21,41,65,115,12.2285821034014
"ASF1B",0,0,0,0,0,0,1,4,20,35,61,89,135,12.2112066340746
"FEN1",0,0,0,0,0,0,2,6,14,27,51,88,155,12.1963754780108
"CHAF1A",0,0,0,0,0,0,3,7,15,28,46,81,133,12.1935010823322
"NACA",0,0,0,0,0,0,0,2,19,52,75,102,146,12.179192306844
"C20orf27",0,0,0,0,0,0,0,0,9,40,92,163,293,12.1401257518984
"RPL26",0,0,0,0,0,0,0,5,24,49,69,80,104,12.119625515129
"GSTP1",0,0,0,0,0,0,0,2,10,33,70,131,230,12.0934046482983
"SERPINI2",0,0,0,0,1,2,3,11,17,25,38,52,71,12.0887187589746
"IQCA1",0,0,0,0,0,0,0,0,9,44,84,157,279,12.0831229896783
"TIMP1",0,0,0,0,0,0,0,0,10,43,86,143,259,12.0237281948841
"EPHA5",0,0,0,0,1,1,3,9,14,19,35,71,97,12.0211206888669
"PPP1R13L",0,0,0,0,0,0,0,2,7,34,71,134,240,12.0133168792587
"FBXO25",0,0,0,0,0,0,0,0,11,42,79,140,266,12.0098902615091
"MID1",0,0,0,0,0,0,0,0,8,35,88,159,297,11.9974755877508
"BARX2",0,0,0,0,0,0,0,0,13,38,80,146,238,11.9902645172843
"DSG2",0,0,0,0,0,0,0,0,12,42,73,145,251,11.9863559498742
"SYDE2",0,0,0,0,0,0,0,0,9,34,86,162,277,11.984290632235
"SKA1",0,0,0,0,0,0,1,4,14,33,57,90,120,11.9252027453222
"SKA3",0,0,0,0,0,0,0,5,16,33,62,93,127,11.9133506952497
"NRG3",0,0,0,0,0,0,3,8,19,24,38,69,104,11.9107405710632
"LAMP2",0,0,0,0,0,0,0,0,12,33,72,146,257,11.8808434480637
"ATP2B2",0,0,0,0,1,1,4,6,10,23,32,67,105,11.8769972593003
"TRHDE",0,0,0,0,0,0,5,8,13,22,43,68,99,11.8764573737614
"C19orf33",0,0,0,0,0,0,0,1,8,32,68,135,240,11.8557332284976
"AL391650.1",0,0,0,0,1,1,4,11,17,23,34,48,66,11.851774900092
"FRMPD1",0,0,0,0,1,1,1,6,16,24,41,66,96,11.8386764371031
"PIMREG",0,0,0,0,0,0,1,4,13,32,57,81,123,11.8326644790321
"NCALD",0,0,0,0,0,0,0,0,7,40,81,146,262,11.8323899860862
"LIMA1",0,0,0,0,0,0,0,0,10,39,73,135,250,11.8298657429558
"IFITM1",0,0,0,0,0,0,1,1,4,24,73,146,249,11.8039903083894
"SNRPD1",0,0,0,0,0,0,0,1,8,29,65,134,247,11.7978122830412
"APLP2",0,0,0,0,0,0,0,0,7,28,83,150,286,11.7453771904457
"HEYL",0,0,0,0,0,0,0,1,5,29,75,144,248,11.7384372895196
"PAWR",0,0,0,0,0,0,0,1,8,28,67,133,219,11.714948869965
"ABRACL",0,0,0,0,0,0,0,1,9,33,61,120,210,11.7027084522717
"CDCA2",0,0,0,0,0,0,1,4,13,33,53,78,106,11.6900814182954
"SRRM3",0,0,0,0,0,0,2,7,14,29,35,71,101,11.6786796152281
"HJURP",0,0,0,0,0,0,1,3,12,28,58,89,117,11.6784707857439
"FNBP1L",0,0,0,0,0,0,0,0,9,33,73,138,233,11.6732224402786
"HMGCLL1",0,0,0,0,0,1,3,9,18,25,33,49,74,11.6613063929876
"MND1",0,0,0,0,0,0,0,5,13,28,56,89,125,11.6550747400369
"STT3B",0,0,0,0,0,0,0,0,9,34,73,129,233,11.6475525191102
"MAP6",0,0,0,0,0,1,3,11,16,22,35,50,65,11.5831093313677
"IKZF2",0,0,0,0,0,0,0,0,8,30,73,132,241,11.5749994622411
"ERICH1",0,0,0,0,0,0,0,0,7,31,72,140,233,11.5435839969968
"SSTR2",0,0,0,1,1,1,3,5,13,17,30,51,88,11.5315817107197
"CARMIL2",0,0,0,1,2,2,5,6,8,11,26,59,83,11.5288983863105
"SOCS1",0,0,0,0,0,0,0,0,4,33,76,148,245,11.4573535868463
"GPX4",0,0,0,0,0,0,0,0,4,26,75,159,274,11.4500743333786
"RBP1",0,0,0,0,0,0,0,0,2,28,84,174,309,11.4491252136791
"COLEC12",0,0,0,0,1,1,4,7,13,21,33,45,61,11.4287283370495
"PPIA",0,0,0,0,0,0,1,1,9,25,46,94,179,11.4104012152575
"WDR49",0,0,0,0,0,2,4,6,12,21,32,47,70,11.3875411385395
"ADAMTSL4",0,0,0,0,0,0,0,0,6,26,68,138,237,11.3699968753704
"SLC40A1",0,0,0,0,0,0,0,0,5,29,74,127,243,11.365886419221
"ANKRD65",0,0,0,0,0,0,0,0,4,31,72,127,249,11.3170354595891
"CDCA5",0,0,0,0,0,0,0,3,12,27,50,81,119,11.2932524895585
"UBA52",0,0,0,0,0,0,0,1,10,40,66,88,112,11.2916626230027
"CAST",0,0,0,0,0,0,0,0,6,28,63,124,232,11.286856415115
"EPS8L2",0,0,0,0,0,0,0,0,4,30,64,133,257,11.2852812714501
"WDR86",0,0,0,0,0,0,0,0,7,30,59,118,212,11.2569458087987
"CENPM",0,0,0,0,0,0,0,1,14,22,51,88,164,11.248858995779
"MT-ATP6",0,0,0,1,2,3,6,7,7,10,16,43,90,11.2375521144292
"PPIC",0,0,0,0,0,0,0,0,2,30,73,146,264,11.1996888723638
"BCAM",0,0,0,0,0,0,0,0,5,26,57,129,240,11.1730925269976
"TRPM3",0,0,0,0,0,1,3,5,15,21,34,45,64,11.169015117083
"C5orf38",0,0,0,0,0,0,0,0,3,26,70,146,228,11.1424036822563
"ACSL3",0,0,0,0,0,0,0,0,5,26,55,128,231,11.1244203582592
"LRRC1",0,0,0,0,0,0,0,0,3,31,64,129,232,11.1163090774375
"RASSF7",0,0,0,0,0,0,0,0,4,22,65,131,245,11.1044509285823
"CKAP2L",0,0,0,0,0,0,0,4,7,25,53,81,103,11.0653989861511
"ZIC4",0,0,0,0,0,1,2,8,13,19,28,46,67,11.0615714971232
"ZGRF1",0,0,0,0,0,0,0,2,8,24,56,83,122,11.0477219953097
"MKI67",0,0,0,0,0,0,1,5,10,24,36,56,94,11.019651678276
"TMEM145",0,0,0,0,0,0,2,3,11,20,41,57,87,10.9817542825426
"ABCC9",0,0,0,0,1,1,3,5,7,13,26,56,79,10.9252734714958
"LMBRD1",0,0,0,0,0,0,0,0,2,25,70,127,232,10.9222908844536
"L1TD1",0,0,0,0,0,0,0,1,6,21,43,96,177,10.892729859425
"KLF5",0,0,0,0,0,0,0,0,4,22,57,116,216,10.8794754650404
"PSMC3IP",0,0,0,0,0,0,0,5,12,18,36,64,104,10.8588619296262
"PFN1",0,0,0,0,0,0,0,0,4,31,67,98,161,10.8418537778239
"POU4F1",0,0,0,0,0,0,1,5,10,16,31,69,89,10.8350930231587
"CRB3",0,0,0,0,0,0,0,0,3,23,54,117,216,10.7762366840365
"MYADM",0,0,0,0,0,0,0,0,2,28,59,115,211,10.7638481473167
"PAG1",0,0,0,0,0,0,0,0,4,23,52,113,193,10.7627614006508
"RARB",0,0,0,0,0,0,0,0,3,18,64,116,220,10.758075067395
"CDCA8",0,0,0,0,0,0,0,2,6,26,50,72,107,10.7431879758625
"SGO1",0,0,0,0,0,0,0,0,9,28,58,88,114,10.7398445062641
"TACC3",0,0,0,0,0,0,0,2,10,23,48,69,90,10.7291816918269
"NECTIN2",0,0,0,0,0,0,0,0,6,17,50,105,200,10.728561190727
"CDC6",0,0,0,0,0,0,1,2,10,20,35,62,98,10.7270046748575
"KNL1",0,0,0,0,0,0,0,3,6,22,45,72,106,10.7152915946457
"BSG",0,0,0,0,0,0,0,0,1,19,76,122,252,10.6828891309448
"CERKL",0,0,0,0,0,0,0,1,1,21,54,117,206,10.6674075723349
"CENPN",0,0,0,0,0,0,0,1,9,20,50,75,111,10.663651751445
"CHGA",0,0,0,0,0,0,1,6,7,19,34,50,83,10.649148136053
"FBXO5",0,0,0,0,0,0,0,1,8,18,44,81,126,10.6246469455388
"FTL",0,0,0,0,0,0,0,0,9,28,53,76,104,10.5451099131655
"VTN",0,0,0,0,0,0,2,4,8,21,31,40,77,10.5287204763986
"ZIC5",0,0,0,0,0,1,2,4,10,16,26,40,64,10.48609840672
"VTCN1",0,0,0,0,0,0,0,0,4,22,45,90,180,10.4832857108618
"GATA3",0,0,0,0,0,0,0,0,0,27,62,131,245,10.4529730065108
"HLA-C",0,0,0,0,0,0,0,0,1,16,63,122,234,10.4519497965451
"STXBP6",0,0,0,0,0,0,0,0,1,22,56,122,203,10.4474301457477
"TSPAN18",0,0,0,0,0,0,0,0,1,21,59,121,197,10.4291131639447
"MCAM",0,0,0,0,0,0,0,0,4,14,45,105,195,10.4128629141825
"KIF20B",0,0,0,0,0,0,0,1,7,22,44,70,97,10.4122558306788
"TROAP",0,0,0,0,0,0,0,4,9,20,34,54,79,10.4103583331794
"PSAP",0,0,0,0,0,0,0,0,0,19,74,138,244,10.4089867959545
"MITF",0,0,0,0,0,0,0,0,1,23,56,110,199,10.3942457527786
"MT-ND4L",0,0,0,0,1,1,3,3,7,7,19,54,87,10.3587427757487
"CIP2A",0,0,0,0,0,0,0,1,7,16,45,74,105,10.3570952853716
"PGK1",0,0,0,1,3,4,5,5,6,9,11,25,62,10.3534002679659
"MT-ATP8",0,0,0,1,1,1,2,4,7,7,18,50,79,10.3504734467374
"GNG11",0,0,0,0,0,0,0,0,1,16,62,119,203,10.3365200444634
"FSTL1",0,0,0,0,0,0,0,0,0,28,62,111,217,10.2933931280985
"NASP",0,0,0,0,0,0,0,2,5,11,34,69,159,10.2915915604647
"NPR3",0,0,0,0,0,0,0,0,5,15,37,88,183,10.2761485744072
"LIG1",0,0,0,0,0,0,0,1,7,18,39,69,102,10.2757817429047
"CENPW",0,0,0,0,0,0,0,0,6,21,46,79,115,10.257811579718
"AKAP12",0,0,0,0,0,0,0,0,0,15,57,146,266,10.2455091969478
"RFTN2",0,0,0,0,0,0,0,0,0,24,62,119,209,10.236276952585
"TRIP13",0,0,0,0,0,0,0,1,5,18,42,68,106,10.2022328317499
"RRM1",0,0,0,0,0,0,0,0,9,17,39,69,124,10.1977339450342
"SYT10",0,0,0,0,0,0,0,0,0,18,55,133,242,10.1953567376295
"ATP1A2",0,0,0,0,0,0,0,0,2,12,48,108,194,10.1596098149962
"RTKN2",0,0,0,0,0,0,0,0,4,24,45,76,112,10.1185230763737
"CD63",0,0,0,0,0,0,0,0,1,12,54,109,215,10.1126433463308
"SLC25A6",0,0,0,0,0,0,0,0,4,11,35,95,186,10.0764653174764
"ALDOA",0,0,0,0,3,5,5,6,6,9,10,21,52,10.0706910343352
"LAMA5",0,0,0,0,0,0,0,0,1,11,53,111,208,10.0519273683105
"FKBP5",0,0,0,0,0,0,0,0,1,11,54,111,202,10.0430860171781
"ANLN",0,0,0,0,0,0,0,0,4,22,46,74,106,10.0374069600225
"LEF1",0,0,0,0,0,0,0,0,0,19,57,109,210,10.0301057988124
"COL5A2",0,0,0,0,0,0,0,0,1,14,50,106,179,10.0075646835572
"MMP17",0,0,0,0,0,0,0,0,3,9,45,95,176,9.98398401812367
"CDS1",0,0,0,0,0,0,0,0,0,18,51,110,219,9.97697956071944
"C2orf91",0,0,0,0,0,0,0,2,8,18,31,49,75,9.96876068583462
"FAM19A5",0,0,0,0,0,0,0,0,1,10,53,106,198,9.94915053000958
"GAPDH",0,0,0,0,0,2,3,5,5,6,19,42,65,9.93838573855191
"SYTL1",0,0,0,0,0,0,0,0,0,14,54,120,215,9.92946364478172
"OTX1",0,0,0,0,0,0,1,3,11,16,27,35,53,9.90759739601345
"GFRA3",0,0,0,0,0,0,0,0,1,12,43,105,183,9.86346690755087
"MEIS1",0,0,0,0,0,0,0,0,0,12,52,127,212,9.86219329724733
"HSD17B2",0,0,0,0,0,0,2,3,7,14,24,37,60,9.85380725101482
"KIAA1217",0,0,0,0,0,0,0,0,0,18,47,104,204,9.85371274211704
"TLX2",0,0,0,0,0,0,2,3,6,9,20,49,81,9.85205281378025
"NME1",0,0,0,0,0,0,0,0,4,10,30,80,178,9.82035792606132
"MT-CO3",0,0,0,1,2,4,4,7,8,9,13,15,31,9.79900047578352
"KCNH6",0,0,0,0,0,1,3,3,4,7,23,46,65,9.79292650647775
"DTL",0,0,0,0,0,0,0,1,8,17,26,52,80,9.7624731859441
"TMSB10",0,0,0,0,0,0,0,3,7,13,24,41,90,9.754837256895
"ITGB1",0,0,0,0,0,0,0,0,1,12,42,97,168,9.74846562551655
"SERF2",0,0,0,0,0,0,0,1,4,11,30,64,118,9.74371485264003
"NRG1",0,0,0,0,0,0,0,2,9,14,22,49,78,9.74151003398715
"FANCD2",0,0,0,0,0,0,0,1,4,12,33,64,102,9.74068510437563
"AKAP9",0,0,0,0,0,0,0,0,0,13,57,102,181,9.71621406014586
"TRIM9",0,0,0,0,0,0,0,0,1,9,46,98,177,9.70602117646014
"KPNA2",0,0,0,0,0,0,0,1,4,13,32,64,93,9.7018877268464
"BRCA2",0,0,0,0,0,0,0,0,5,15,29,70,111,9.6878768747533
"SOSTDC1",0,0,0,0,0,0,0,0,0,12,47,107,203,9.67769196700338
"CPNE9",0,0,0,0,0,1,2,4,7,8,20,37,49,9.67044859271151
"SLK",0,0,0,0,0,0,0,0,0,11,52,104,194,9.64593980050862
"HDHD3",0,0,0,0,0,0,0,0,0,12,47,100,204,9.64066403127483
"UGP2",0,0,0,0,0,0,0,0,1,12,36,91,171,9.63934031809524
"PARK7",0,0,0,0,0,0,0,0,3,5,36,88,192,9.61964749369976
"FGFR2",0,0,0,0,0,0,0,0,1,9,32,98,205,9.60647935634955
"PTTG1",0,0,0,0,0,0,1,1,6,14,24,47,69,9.60416927060028
"DRC1",0,0,0,0,0,1,1,4,6,11,22,34,48,9.59984757373308
"GDF7",0,0,0,0,0,0,2,4,8,13,23,29,44,9.59954784465578
"PHACTR2",0,0,0,0,0,0,0,0,1,9,38,94,179,9.58591577115927
"GALNT14",0,0,0,0,0,1,2,4,7,8,20,35,45,9.58381021413896
"SH2D4A",0,0,0,0,0,0,0,0,2,8,32,90,172,9.57222221770899
"HMMR",0,0,0,0,0,0,0,1,5,17,35,45,70,9.56759868644586
"METRNL",0,0,0,0,0,0,0,0,0,13,39,104,192,9.56153719745299
"MARCKS",0,0,0,0,0,0,0,0,0,6,45,129,237,9.55620445075647
"MEST",0,0,0,0,0,0,0,0,0,14,44,91,182,9.54692861550113
"FAM111B",0,0,0,0,0,0,0,1,8,13,20,52,79,9.49051839825009
"SPAG5",0,0,0,0,0,0,0,0,4,11,38,68,95,9.4889495180731
"STRA6",0,0,0,0,0,0,0,0,0,12,42,96,171,9.441832739393
"PLEKHG1",0,0,0,0,0,0,0,0,0,8,49,100,192,9.44004587454652
"WFDC2",0,0,0,0,0,0,0,0,0,15,38,85,172,9.42350118066686
"PDGFA",0,0,0,0,0,0,0,0,0,8,42,104,199,9.40355485065031
"CLDN5",0,0,0,0,0,0,2,2,6,9,17,38,69,9.40027469192576
"RNASEH2A",0,0,0,0,0,0,0,0,3,12,31,60,119,9.39085583908689
"C1orf194",0,0,0,0,0,1,1,4,5,10,20,32,47,9.38823276460732
"HOXB5",0,0,0,0,0,0,0,0,1,7,37,85,174,9.38202865074379
"WNT3",0,0,0,0,0,0,0,0,0,7,43,105,203,9.37586652196094
"ELOB",0,0,0,0,0,0,0,0,1,13,39,78,115,9.37183093152162
"LGI4",0,0,0,0,0,0,0,0,0,9,45,95,178,9.36745500324322
"GRM2",0,0,0,0,0,0,0,4,8,10,15,40,70,9.35528281850545
"MX1",0,0,0,0,0,0,0,0,4,10,17,69,157,9.35268308053457
"GNG5",0,0,0,0,0,0,0,1,4,5,23,68,128,9.34465723971817
"SCG2",0,0,0,0,0,0,1,2,5,7,23,43,70,9.31724426777495
"MT-ND4",0,0,0,0,2,2,2,7,7,9,10,15,39,9.28773619528321
"COL20A1",0,0,0,0,0,0,2,3,5,8,19,37,53,9.26698017185984
"TPT1",0,0,0,0,0,0,0,0,1,18,42,66,83,9.25564227534939
"GALNT3",0,0,0,0,0,0,0,0,0,9,39,93,171,9.25202452555044
"SV2C",0,0,0,0,0,0,0,2,9,14,21,31,56,9.23713152298504
"CENPH",0,0,0,0,0,0,0,0,4,10,27,60,101,9.22866382472966
"TFAP2C",0,0,0,0,0,0,0,0,0,12,39,79,155,9.22298076400996
"NCAPG2",0,0,0,0,0,0,0,0,4,11,25,61,98,9.2217620150157
"LAMP3",0,0,0,0,0,0,0,0,1,7,30,78,171,9.20787008596768
"RTN4RL2",0,0,0,0,0,0,0,2,4,9,23,50,71,9.20184248624602
"TGIF1",0,0,0,0,0,0,0,0,0,10,34,84,175,9.18079442088735
"SLC35B3",0,0,0,0,0,0,0,0,0,9,34,89,176,9.17111710868735
"TLE1",0,0,0,0,0,0,0,0,1,7,30,82,148,9.14419942810123
"ARHGAP10",0,0,0,0,0,0,0,0,1,8,25,80,159,9.13801408853735
"SERINC1",0,0,0,0,0,0,0,0,0,6,34,100,196,9.13155124213128
"OIP5",0,0,0,0,0,0,0,0,2,13,31,59,90,9.10872435781734
"DEPDC1B",0,0,0,0,0,0,0,0,3,9,33,59,87,9.08149896428396
"LRIG1",0,0,0,0,0,0,0,0,1,6,29,81,154,9.07778774004988
"COX7C",0,0,0,0,0,0,0,1,3,6,21,59,105,9.06196190710876
"CLDN1",0,0,0,0,0,0,1,2,6,11,19,30,49,9.05101934730619
"HSBP1L1",0,0,0,0,0,0,0,0,0,8,35,84,162,9.04607608923756
"LSM4",0,0,0,0,0,0,0,1,2,8,16,55,136,9.04171264625303
"MT-CO2",0,0,0,1,2,3,4,5,7,10,12,12,16,9.03515463853056
"C21orf58",0,0,0,0,0,0,0,0,1,14,29,60,104,9.02819843782364
"KNTC1",0,0,0,0,0,0,0,0,4,11,25,48,90,9.02580433950349
"ERBB3",0,0,0,0,0,0,0,0,2,7,24,65,138,9.02567890616888
"RPS26",0,0,0,0,0,0,0,0,0,10,46,76,116,9.01822512807047
"SGO2",0,0,0,0,0,0,0,0,1,11,34,65,94,8.98362381472136
"CENPX",0,0,0,0,0,0,0,0,0,6,29,85,204,8.97617849863391
"UNC5D",0,0,0,0,0,0,0,1,6,13,26,32,52,8.96375166109765
"UNC13A",0,0,0,0,0,0,0,3,4,10,17,37,62,8.94300617627571
"MT-CYB",0,0,0,0,2,2,3,5,9,11,12,13,16,8.92050540760151
"PPL",0,0,0,0,0,0,0,0,1,5,24,70,175,8.8966001925431
"ST14",0,0,0,0,0,0,0,0,0,8,30,80,146,8.86775592534458
"TMBIM1",0,0,0,0,0,0,0,0,0,6,34,79,159,8.85647546905315
"NOP10",0,0,0,0,0,0,0,0,0,12,38,69,100,8.84635906527851
"SYNGR2",0,0,0,0,0,0,0,0,0,7,26,83,168,8.84535529114829
"TMPRSS4",0,0,0,0,0,0,0,0,0,7,27,76,176,8.84321383072148
"ARHGAP11A",0,0,0,0,0,0,0,0,2,11,27,49,85,8.81208088121268
"DDIAS",0,0,0,0,0,0,0,0,1,10,29,60,93,8.80118835454484
"BAALC",0,0,0,0,0,0,0,1,6,11,22,35,48,8.79968813979947
"AXL",0,0,0,0,0,0,0,0,0,8,30,68,150,8.789001047823
"P2RX3",0,0,0,0,0,0,0,2,4,8,15,42,67,8.78662813974319
"RNASE1",0,0,0,0,0,0,0,0,2,7,19,54,126,8.73487056853283
"GABRA3",0,0,0,0,0,0,0,0,0,4,35,79,163,8.71978353125797
"TENM3",0,0,0,0,0,0,0,0,0,7,31,66,146,8.71247227042053
"RFX4",0,0,0,0,0,0,0,2,3,10,22,35,51,8.70516661328301
"ECHDC2",0,0,0,0,0,0,0,0,0,4,29,84,174,8.69807915307571
"SHTN1",0,0,0,0,0,0,0,0,0,5,25,84,170,8.69550489614676
"IFI6",0,0,0,0,0,0,0,0,3,5,20,52,119,8.68824431880546
"H2AFV",0,0,0,0,0,0,0,3,3,6,14,34,87,8.68421065839026
"CRYM",0,0,0,0,0,0,0,0,1,6,20,63,138,8.66209655307827
"GRHL3",0,0,0,0,0,0,0,0,0,6,26,72,159,8.65880399542106
"CYB5A",0,0,0,0,0,0,0,0,0,6,34,67,136,8.65808873324078
"SUSD2",0,0,0,0,0,0,2,2,4,8,13,25,53,8.6459976501326
"DLC1",0,0,0,0,0,0,0,0,0,3,31,83,175,8.61860660318058
"PRR11",0,0,0,0,0,0,0,0,3,11,24,43,63,8.6104552756102
"SNRPE",0,0,0,0,0,0,0,0,0,8,25,66,130,8.58225921629525
"ZIC1",0,0,0,0,0,0,0,2,3,12,21,30,44,8.58054834709083
"NHSL2",0,0,0,0,0,0,0,0,0,4,27,83,155,8.5783279208316
"NEK2",0,0,0,0,0,0,0,0,1,12,27,48,75,8.5771722406316
"EDIL3",0,0,0,0,0,0,0,0,0,3,27,88,173,8.57242742748504
"BTBD17",0,0,0,0,0,0,0,2,2,6,18,45,67,8.56608180469502
"FOXD3",0,0,0,0,0,0,0,0,0,4,30,77,147,8.55562519264431
"NUDT1",0,0,0,0,0,0,0,0,2,7,22,47,96,8.55490086207353
"DEPDC1",0,0,0,0,0,0,0,0,1,8,29,54,81,8.54995450169552
"MIS18BP1",0,0,0,0,0,0,0,0,1,9,22,56,90,8.54562003644671
"EEF1B2",0,0,0,0,0,0,0,0,1,4,26,58,130,8.54474619019559
"SLITRK2",0,0,0,0,0,0,1,1,1,7,17,35,90,8.54337189666436
"SEMA3E",0,0,0,0,0,0,0,0,0,4,29,75,148,8.52638261916758
"DNMT1",0,0,0,0,0,0,0,0,3,9,15,42,94,8.51678885518934
"KRAS",0,0,0,0,0,0,0,0,0,5,27,70,143,8.51657878615958
"PKM",0,0,0,0,0,0,3,4,5,5,8,20,57,8.5056246241564
"NXPH1",0,0,0,0,0,0,0,1,3,9,19,36,56,8.49457070335864
"NWD2",0,0,0,0,0,0,0,2,6,7,15,30,47,8.45642203039515
"SLC39A10",0,0,0,0,0,0,0,0,1,3,22,70,130,8.45607141687849
"IFITM3",0,0,0,0,0,0,1,1,2,4,10,43,106,8.44564979432796
"ITGB6",0,0,0,0,0,0,0,0,0,2,38,74,154,8.43298424382466
"MT-ND2",0,0,0,0,0,0,0,2,4,6,11,35,70,8.42419899112417
"SPC24",0,0,0,0,0,0,0,0,2,5,24,50,85,8.41505809039156
"ATP1B2",0,0,0,0,0,0,0,0,0,5,25,70,130,8.41431901683138
"LTBP1",0,0,0,0,0,0,0,0,0,2,25,91,172,8.40397192289885
"LGALS1",0,0,0,0,0,0,0,0,0,3,25,77,158,8.39391330392867
"FSTL5",0,0,0,0,0,0,0,0,0,7,21,63,124,8.37352789944929
"SPHK1",0,0,0,0,0,0,0,0,0,3,25,77,152,8.3689102213906
"LLGL2",0,0,0,0,0,0,0,0,0,2,30,76,163,8.35919553799883
"NDUFS5",0,0,0,0,0,0,0,0,2,3,21,57,105,8.35509727730836
"OCLN",0,0,0,0,0,0,0,0,0,3,28,70,147,8.35095579122397
"ROPN1B",0,0,0,0,0,0,0,0,0,7,21,58,128,8.34519464936551
"CPVL",0,0,0,0,0,0,0,0,0,5,20,67,143,8.33245034319198
"CFL1",0,0,0,0,0,0,0,0,1,5,20,48,118,8.32380575600276
"IRX3",0,0,0,0,0,0,0,0,0,2,27,79,162,8.32217223625914
"SCHIP1",0,0,0,0,0,0,0,0,0,3,25,72,149,8.31628888232336
"EPHA4",0,0,0,0,0,0,0,0,2,2,21,57,123,8.3132038475529
"BTF3",0,0,0,0,0,0,0,0,0,5,33,69,89,8.30935145409721
"SNRPG",0,0,0,0,0,0,0,0,1,7,17,45,107,8.28191160445899
"UQCRH",0,0,0,0,0,0,0,0,0,2,30,75,145,8.2757834150831
"GPR19",0,0,0,0,0,0,0,0,0,3,26,69,137,8.25766949744413
"ARHGEF5",0,0,0,0,0,0,0,0,0,2,29,71,150,8.24719626958758
"WDR76",0,0,0,0,0,0,0,0,1,10,21,39,75,8.23924156065271
"MXRA8",0,0,0,0,0,0,0,0,0,1,31,82,168,8.23846686619778
"CLDN8",0,0,0,0,0,0,0,0,1,5,16,48,121,8.22376916303991
"NME4",0,0,0,0,0,0,0,0,0,4,20,68,134,8.20809880570827
"CEP55",0,0,0,0,0,0,0,0,2,5,21,45,74,8.19388072555381
"SLC27A6",0,0,0,0,0,0,0,0,0,3,25,62,139,8.18304868700273
"OBSL1",0,0,0,0,0,0,0,0,0,3,23,66,137,8.16660725423808
"SLC24A2",0,0,0,0,0,0,0,0,3,10,21,31,49,8.14510994345834
"RAB3IP",0,0,0,0,0,0,0,0,0,3,23,64,136,8.14369675097698
"ANKRD6",0,0,0,0,0,0,0,0,0,2,22,70,155,8.11384229403208
"LAMA4",0,0,0,0,0,0,0,0,0,3,20,65,143,8.11180601124808
"SLCO4A1",0,0,0,0,0,1,2,2,3,4,10,24,39,8.10839432952415
"CKB",0,0,0,0,0,0,0,0,0,1,29,74,157,8.09841178978347
"PAMR1",0,0,0,0,0,0,3,3,4,5,11,19,32,8.0967155025183
"NCAPH",0,0,0,0,0,0,0,0,1,4,21,46,92,8.07298676839175
"ANXA11",0,0,0,0,0,0,0,0,0,2,23,67,139,8.04100794882714
"RAB11A",0,0,0,0,0,0,0,0,0,4,20,51,126,7.99867413431187
"TLX1",0,0,0,0,0,0,0,0,2,6,15,39,72,7.994380710875
"CD46",0,0,0,0,0,0,0,0,0,1,25,77,144,7.98742891477892
"GGH",0,0,0,0,0,0,0,0,0,9,17,45,88,7.95579549155926
"ARHGEF38",0,0,0,0,0,0,0,0,0,1,21,75,161,7.9520245616999
"MARVELD2",0,0,0,0,0,0,0,0,0,1,22,74,153,7.93560746873165
"CA14",0,0,0,0,0,0,0,0,0,1,28,70,132,7.93492115634146
"ERICH3",0,0,0,0,0,0,0,1,4,4,15,26,55,7.9251294048487
"NDUFA4",0,0,0,0,0,0,0,0,0,1,27,71,130,7.91416400236672
"SH3GLB2",0,0,0,0,0,0,0,0,0,1,22,73,147,7.90172244291018
"TLX3",0,0,0,0,0,0,1,1,1,4,12,35,63,7.90060308675028
"CDCA3",0,0,0,0,0,0,0,0,1,6,22,37,62,7.88498239253099
"KDF1",0,0,0,0,0,0,0,0,0,3,16,58,133,7.88153285610239
"ADAMTS18",0,0,0,0,0,0,0,0,0,2,17,62,148,7.87745654587641
"ID1",0,0,0,0,0,0,0,0,1,1,17,63,123,7.87670715603392
"ECT2",0,0,0,0,0,0,0,0,1,3,23,47,73,7.87335593563074
"TSPAN6",0,0,0,0,0,0,0,0,0,1,22,68,148,7.86412441066391
"ESYT2",0,0,0,0,0,0,0,0,0,1,23,66,145,7.85666307271634
"YBX1",0,0,0,0,0,0,0,0,0,1,17,73,166,7.84541309111626
"LPAR6",0,0,0,0,0,0,0,0,0,1,21,68,147,7.83529882033208
"RACGAP1",0,0,0,0,0,0,0,0,2,6,14,36,63,7.82658296680484
"CRABP1",0,0,0,0,0,0,0,0,0,1,21,66,148,7.82202761012618
"SCN1A",0,0,0,0,0,0,0,0,0,5,14,50,111,7.81142699119665
"HOXA3",0,0,0,0,0,0,0,0,0,3,15,59,123,7.80786073276836
"ATP5E",0,0,0,0,0,0,0,0,0,3,17,56,116,7.80409546572211
"COX6C",0,0,0,0,0,0,0,0,2,5,14,35,70,7.80053615827141
"PTPRN",0,0,0,0,0,0,1,1,2,6,13,22,44,7.79429966904486
"SLC6A3",0,0,0,0,0,0,1,1,2,5,15,26,38,7.79385663675338
"ITGB3BP",0,0,0,0,0,0,0,0,0,4,23,47,88,7.79298280977905
"EID1",0,0,0,0,0,0,0,0,0,1,18,69,151,7.78063451260121
"SPTLC3",0,0,0,0,0,0,0,0,0,2,14,59,145,7.73468479638395
"MAPT",0,0,0,0,0,0,0,0,1,5,15,40,70,7.73160492319732
"GAS7",0,0,0,0,0,0,0,0,0,1,18,67,140,7.71441358067299
"DEK",0,0,0,0,0,0,0,0,0,7,18,37,81,7.70608141593906
"CD59",0,0,0,0,0,0,0,0,0,2,15,56,136,7.69804830405495
"CTNNA1",0,0,0,0,0,0,0,0,0,1,19,61,131,7.64432822144286
"STXBP2",0,0,0,0,0,0,0,0,0,1,16,60,151,7.63688758656496
"LHX9",0,0,0,0,0,0,0,0,1,8,19,31,44,7.61195343040532
"CMTM6",0,0,0,0,0,0,0,0,0,1,22,54,122,7.60341515117256
"TPBGL",0,0,0,0,0,0,1,1,1,3,16,30,43,7.60330672120076
"GREB1",0,0,0,0,0,0,0,0,0,1,16,65,131,7.59245502440789
"SEM1",0,0,0,0,0,0,0,0,0,1,18,64,118,7.57707766128139
"BACE2",0,0,0,0,0,0,0,0,1,3,13,33,98,7.55918916045749
"NTRK1",0,0,0,0,0,0,0,0,2,6,16,26,50,7.55878672453264
"FTH1",0,0,0,0,0,0,0,0,0,6,14,39,83,7.55574127685039
"FAM110A",0,0,0,0,0,0,0,0,0,1,17,56,135,7.55533449355203
"PPP1R12A",0,0,0,0,0,0,0,0,0,2,16,52,110,7.55094326254927
"CCDC126",0,0,0,0,0,0,0,0,0,0,20,75,151,7.53844968346976
"POSTN",0,0,0,0,0,0,0,0,0,4,12,44,106,7.53677733908333
"PARP14",0,0,0,0,0,0,0,0,0,1,14,59,145,7.53195224232987
"INSM1",0,0,0,0,0,0,0,1,1,6,12,28,48,7.52291301637125
"DSC3",0,0,0,0,0,0,0,0,0,1,17,56,128,7.52098688065868
"TIMP3",0,0,0,0,0,0,0,0,0,4,15,41,90,7.5043032036549
"NTF4",0,0,0,0,0,0,0,0,0,0,19,73,153,7.50411099794606
"EPB41L2",0,0,0,0,0,0,0,0,0,1,15,62,125,7.50096146286523
"SVIL",0,0,0,0,0,0,0,0,0,1,21,53,109,7.49534960533068
"RBFOX1",0,0,0,0,0,0,0,0,2,6,16,29,38,7.44763144264079
"XKR7",0,0,0,0,0,0,0,0,1,7,14,28,51,7.42975052776792
"BGN",0,0,0,0,0,0,0,0,0,2,13,45,117,7.39891751941859
"TFAP2D",0,0,0,0,0,0,1,2,3,3,6,21,43,7.3836253877694
"CCDC150",0,0,0,0,0,0,0,0,0,2,19,46,81,7.37141496653655
"TCEAL9",0,0,0,0,0,0,0,0,0,1,19,49,104,7.36651437159395
"GRAMD1B",0,0,0,0,0,0,0,0,2,4,18,27,40,7.33168047412217
"TMA7",0,0,0,0,0,0,0,0,1,3,10,35,78,7.31415827902826
"HIST1H2AJ",0,0,0,0,0,0,0,0,0,5,12,38,74,7.31110614269426
"LEMD1",0,0,0,0,0,0,0,0,0,2,11,49,103,7.28207268941624
"PARM1",0,0,0,0,0,0,0,0,1,3,16,30,55,7.24020167271178
"GABARAPL1",0,0,0,0,0,0,0,0,0,0,18,55,137,7.23736734833482
"FERMT1",0,0,0,0,0,0,0,0,0,0,13,66,142,7.20014611259191
"FRZB",0,0,0,0,0,0,0,0,0,2,12,38,106,7.19550402101593
"PLEKHG4B",0,0,0,0,0,0,0,0,0,0,15,61,133,7.18480029822703
"SUCO",0,0,0,0,0,0,0,0,0,0,15,57,137,7.16390449891191
"RPA3",0,0,0,0,0,0,0,0,1,4,8,28,74,7.15185347679443
"MEF2C",0,0,0,0,0,0,0,0,0,0,17,58,118,7.14265720370882
"EDNRA",0,0,0,0,0,0,0,0,0,0,15,56,132,7.12948149127675
"ATAD5",0,0,0,0,0,0,0,0,0,2,16,38,76,7.12918399544766
"LRRN3",0,0,0,0,0,0,0,0,0,2,10,41,101,7.11698264397796
"TSGA10IP",0,0,0,0,0,0,0,0,2,4,11,28,41,7.11565589337718
"TMEM178A",0,0,0,0,0,0,0,0,0,0,11,62,147,7.100767471165
"SLC35F3",0,0,0,0,0,0,0,1,1,6,9,19,44,7.10032196163344
"PSAT1",0,0,0,0,0,0,0,0,0,1,9,48,120,7.06535142493096
"SNRPF",0,0,0,0,0,0,0,0,0,3,12,33,78,7.05982674603705
"HOOK1",0,0,0,0,0,0,0,0,0,0,13,55,131,7.04051379541062
"RPRM",0,0,0,0,0,0,0,1,1,4,8,25,44,7.03155611839152
"NNAT",0,0,0,0,0,0,0,0,0,0,11,59,136,7.02129299650494
"C14orf2",0,0,0,0,0,0,0,0,0,1,10,50,98,7.01133927254116
"NOTUM",0,0,0,0,0,0,0,0,0,1,8,51,114,7.00999922239986
"ME1",0,0,0,0,0,0,0,0,0,0,13,50,132,6.98930384426713
"PLXNA2",0,0,0,0,0,0,0,0,0,0,13,55,120,6.98395640036737
"PLXDC2",0,0,0,0,0,0,0,0,0,0,10,62,132,6.98345016921816
"FAU",0,0,0,0,0,0,0,0,0,0,16,56,95,6.95092442438574
"GNG2",0,0,0,0,0,0,0,0,0,0,11,53,133,6.94368495529006
"TTC3",0,0,0,0,0,0,0,0,0,0,13,53,112,6.91767404138998
"MTFR2",0,0,0,0,0,0,0,0,0,3,12,33,62,6.91272321408798
"TBC1D3B",0,0,0,0,0,0,0,0,1,4,11,26,42,6.90561603965584
"SRM",0,0,0,0,0,0,0,0,0,0,11,47,139,6.90148683862418
"ATP5L",0,0,0,0,0,0,0,0,0,0,16,49,98,6.89230904507529
"RAB1A",0,0,0,0,0,0,0,0,0,0,14,43,118,6.86637166147967
"CDC42EP3",0,0,0,0,0,0,0,0,0,0,14,46,110,6.86071080248527
"PCDH15",0,0,0,0,0,0,0,0,1,4,12,20,43,6.8137940587538
"CENPO",0,0,0,0,0,0,0,0,0,2,11,30,75,6.79137379559466
"SYT4",0,0,0,0,0,0,0,0,1,3,10,26,45,6.79002483917153
"MBD2",0,0,0,0,0,0,0,0,0,0,11,47,115,6.77925288814727
"C6orf118",0,0,0,0,0,0,0,0,3,5,8,19,31,6.77835341560512
"COX7A2",0,0,0,0,0,0,0,0,0,2,9,31,83,6.77520040640877
"PLEKHA4",0,0,0,0,0,0,0,0,0,1,12,28,99,6.77103385576796
"CCDC88A",0,0,0,0,0,0,0,0,0,0,8,52,124,6.72905259491269
"COX6B1",0,0,0,0,0,0,0,0,0,3,11,25,64,6.7280554861884
"SERPINE2",0,0,0,0,0,0,0,0,0,0,8,55,117,6.72462953787869
"CD163L1",0,0,0,0,0,0,0,0,1,2,11,28,43,6.70802179300819
"COL2A1",0,0,0,0,0,0,0,0,0,0,7,52,131,6.69968924573632
"PARP9",0,0,0,0,0,0,0,0,1,1,10,25,69,6.69371205171603
"TSPAN2",0,0,0,0,0,0,0,0,0,0,7,51,132,6.69316601241691
"NAALADL2",0,0,0,0,0,0,0,0,0,0,8,45,131,6.67947960510952
"CXCL14",0,0,0,0,0,0,0,0,0,1,7,36,102,6.66939102813968
"PSIP1",0,0,0,0,0,0,0,0,0,1,8,30,107,6.65882472813672
"KCNH7",0,0,0,0,0,0,0,1,1,2,12,19,34,6.65761899851437
"RPS6KL1",0,0,0,0,0,0,0,0,1,3,8,25,44,6.64272547051044
"HOXB2",0,0,0,0,0,0,0,0,0,1,6,36,109,6.638687157612
"FANCB",0,0,0,0,0,0,0,0,0,3,10,28,53,6.62520670885771
"CTNNA2",0,0,0,0,0,0,0,0,0,0,10,43,103,6.60821026483195
"PLK4",0,0,0,0,0,0,0,0,0,0,13,44,82,6.60772542021837
"SKIL",0,0,0,0,0,0,0,0,0,0,8,46,111,6.58558634490277
"IGFBP6",0,0,0,0,0,0,0,0,0,0,10,38,111,6.5840036540587
"EBF3",0,0,0,0,0,0,0,0,0,2,13,26,54,6.58305636562615
"CD164",0,0,0,0,0,0,0,0,0,0,10,46,93,6.58207256954064
"SP110",0,0,0,0,0,0,0,0,0,1,9,28,92,6.5795625599682
"CDCA7",0,0,0,0,0,0,0,0,0,2,11,26,59,6.55483088676442
"IFIT1",0,0,0,0,0,0,0,0,3,3,10,18,26,6.54477939350568
"SMOC1",0,0,0,0,0,0,0,0,0,0,8,44,108,6.54184713484606
"TAC1",0,0,0,0,0,0,0,2,2,3,6,11,36,6.53525884099981
"CELSR3",0,0,0,0,0,0,0,0,0,5,12,23,34,6.52441041939476
"MFNG",0,0,0,0,0,0,0,0,1,4,8,22,33,6.49853957556194
"BAIAP3",0,0,0,0,0,0,0,1,3,5,7,11,23,6.49734289686483
"BAIAP2L1",0,0,0,0,0,0,0,0,0,0,9,42,96,6.49670400659006
"CYBA",0,0,0,0,0,0,0,0,0,0,9,41,97,6.48925243325262
"ADGRG2",0,0,0,0,0,0,0,0,1,1,12,23,46,6.4786402074561
"AFAP1L2",0,0,0,0,0,0,0,0,0,3,8,24,57,6.47223414987096
"GDPD2",0,0,0,0,0,0,0,0,0,6,12,21,30,6.47039437606184
"HAT1",0,0,0,0,0,0,0,0,0,2,11,27,49,6.45814246135087
"LARGE2",0,0,0,0,0,0,0,0,0,0,6,45,115,6.45726904409302
"DSN1",0,0,0,0,0,0,0,0,0,1,11,28,65,6.45692532797244
"PPP1R3B",0,0,0,0,0,0,0,0,0,0,9,36,103,6.45182663317515
"WWC1",0,0,0,0,0,0,0,0,0,0,8,41,100,6.45090362445176
"RANBP17",0,0,0,0,0,0,0,0,0,0,10,39,86,6.43501034963295
"EMB",0,0,0,0,0,0,0,0,0,0,5,45,125,6.42623578548735
"MCC",0,0,0,0,0,0,0,0,0,0,5,53,106,6.41619687841423
"MT-ND5",0,0,0,0,0,0,1,1,2,6,9,11,12,6.41177386321779
"PRR36",0,0,0,0,0,0,0,0,0,0,8,37,102,6.40359905572002
"WNT11",0,0,0,0,0,0,0,0,0,0,9,34,100,6.39945897398719
"AHNAK",0,0,0,0,0,0,0,0,0,0,8,40,94,6.39663673709786
"C4orf3",0,0,0,0,0,0,0,0,0,1,9,28,69,6.39489479675067
"KLHL14",0,0,0,0,0,0,1,1,2,3,7,10,24,6.38208239364782
"PRSS23",0,0,0,0,0,0,0,0,0,0,9,36,92,6.37916221928288
"LYPD1",0,0,0,0,0,0,0,0,1,3,9,21,31,6.37883902179346
"FGFBP3",0,0,0,0,0,0,0,0,0,1,3,45,95,6.37304665124346
"MT-ND1",0,0,0,0,0,0,0,1,2,5,9,12,17,6.35164719499481
"OAS1",0,0,0,0,0,0,0,0,1,3,10,20,28,6.33936156397629
"HS6ST1",0,0,0,0,0,0,0,0,0,1,4,32,101,6.33590130763339
"PDE4D",0,0,0,0,0,0,0,0,0,1,5,31,87,6.32175176944607
"ARPC1B",0,0,0,0,0,0,0,0,0,1,7,25,82,6.31737075608456
"NHLH2",0,0,0,0,0,0,0,0,1,3,9,18,32,6.31087851541172
"ARHGAP11B",0,0,0,0,0,0,0,0,0,2,5,32,60,6.30474640100203
"GFRA1",0,0,0,0,0,0,0,0,0,0,5,41,110,6.28926410989847
"TFAP2A",0,0,0,0,0,0,0,0,0,0,9,32,89,6.28920262374129
"GDF6",0,0,0,0,0,0,0,0,0,0,7,35,99,6.28716483188984
"DAPL1",0,0,0,0,0,0,0,1,1,3,6,14,33,6.26953732767815
"RPL22",0,0,0,0,0,0,0,0,0,0,12,33,67,6.26921846973801
"ATCAY",0,0,0,0,0,0,0,0,3,3,6,14,31,6.26478868252547
"SORT1",0,0,0,0,0,0,0,0,0,0,3,49,127,6.26349537342058
"CDT1",0,0,0,0,0,0,0,0,0,1,8,26,65,6.25582480973467
"PPP1R14B",0,0,0,0,0,0,0,0,0,2,5,21,81,6.25376683514624
"CHEK1",0,0,0,0,0,0,0,0,0,2,11,19,47,6.22972482293998
"DDR1",0,0,0,0,0,0,0,0,0,0,4,37,128,6.22662061050967
"PAK6",0,0,0,0,0,0,0,0,0,0,5,41,99,6.22143009993771
"WWC2",0,0,0,0,0,0,0,0,0,0,5,40,101,6.21984327673279
"MT-CO1",0,0,0,0,0,2,2,3,3,3,4,8,8,6.21731694865515
"OSBPL6",0,0,0,0,0,0,0,0,1,2,9,17,36,6.2089638746892
"SHCBP1",0,0,0,0,0,0,0,0,0,1,8,27,58,6.20476915245873
"CENPJ",0,0,0,0,0,0,0,0,0,1,7,26,66,6.20081876041061
"GCNT2",0,0,0,0,0,0,0,0,0,0,6,35,97,6.20059080618996
"LMO7",0,0,0,0,0,0,0,0,0,0,5,40,98,6.2004388506855
"EBF1",0,0,0,0,0,0,0,0,0,2,8,23,48,6.19429515384965
"STMN1",0,0,0,0,0,0,0,0,1,3,8,15,34,6.18806640265883
"FAM89A",0,0,0,0,0,0,0,0,0,0,7,36,82,6.18248999057823
"PNPLA8",0,0,0,0,0,0,0,0,0,0,6,36,90,6.16886000880291
"ISYNA1",0,0,0,0,0,0,0,0,0,0,6,36,88,6.15441496989285
"PGAM1",0,0,0,0,0,0,0,2,3,5,7,7,15,6.15269755497289
"PKMYT1",0,0,0,0,0,0,0,0,0,1,8,30,48,6.14512262427789
"ARID5B",0,0,0,0,0,0,0,0,0,0,6,25,120,6.14237235943119
"HEY1",0,0,0,0,0,0,0,0,0,1,7,22,70,6.14230488783823
"ATP5I",0,0,0,0,0,0,0,0,0,0,6,35,88,6.13797558537998
"CLEC18C",0,0,0,0,0,0,0,1,2,3,7,11,22,6.13748966083523
"AL109653.1",0,0,0,0,0,0,1,1,1,1,6,12,35,6.11685771340572
"HSP90AB1",0,0,0,0,0,0,0,0,0,1,8,23,56,6.08986273011612
"CD9",0,0,0,0,0,0,0,0,0,1,5,23,79,6.08719090910219
"HOXB3",0,0,0,0,0,0,0,0,0,2,6,18,62,6.07925768596884
"SEMA6B",0,0,0,0,0,0,0,0,0,0,4,35,102,6.04787605726169
"SELENOW",0,0,0,0,0,0,0,0,0,0,8,26,80,6.0423675876746
"VAT1L",0,0,0,0,0,0,0,1,1,4,7,9,25,6.0369007131273
"KLHDC8A",0,0,0,0,0,0,0,0,0,2,7,22,40,5.98811736517326
"THSD7B",0,0,0,0,0,0,0,0,0,3,7,18,38,5.98481848596799
"SPOCK1",0,0,0,0,0,0,0,0,0,3,8,20,31,5.98106249754874
"SMPDL3A",0,0,0,0,0,0,0,0,0,0,3,42,94,5.97920194757243
"STIL",0,0,0,0,0,0,0,0,0,0,9,27,60,5.9378125189645
"MMS22L",0,0,0,0,0,0,0,0,0,2,8,16,44,5.93203828665341
"UHRF1",0,0,0,0,0,0,0,0,0,1,7,18,60,5.9289978374164
"NELL2",0,0,0,0,0,0,0,0,0,4,7,17,30,5.914726541794
"HEBP2",0,0,0,0,0,0,0,0,0,0,6,30,69,5.89216481200359
"RBFOX3",0,0,0,0,0,0,0,0,0,3,6,19,35,5.89012443666923
"ARID3A",0,0,0,0,0,0,0,0,0,0,3,36,94,5.88903262574283
"C19orf48",0,0,0,0,0,0,0,0,0,1,5,22,57,5.85262578476807
"MSN",0,0,0,0,0,0,0,0,0,0,5,29,76,5.84965966127762
"ADSS",0,0,0,0,0,0,0,0,0,0,3,33,95,5.84510453783973
"P2RY2",0,0,0,0,0,0,0,0,0,0,4,29,88,5.84352292116194
"DUSP26",0,0,0,0,0,0,0,0,1,3,7,13,24,5.82445994366932
"PSMA7",0,0,0,0,0,0,0,0,0,1,5,20,59,5.82007872643382
"CTPS1",0,0,0,0,0,0,0,0,0,1,3,25,67,5.80657342007327
"FHL1",0,0,0,0,0,0,0,0,0,0,5,24,84,5.80451651971506
"CCSER1",0,0,0,0,0,0,0,0,0,0,4,27,87,5.79478248735471
"NFIB",0,0,0,0,0,0,0,0,0,0,4,27,85,5.77983930050866
"ATP1A3",0,0,0,0,0,0,0,0,1,1,7,14,36,5.77410943333593
"CHST8",0,0,0,0,0,0,0,0,0,2,7,20,31,5.77244079171184
"HRC",0,0,0,0,0,0,0,0,1,2,8,13,25,5.77089304060407
"PLAC9",0,0,0,0,0,0,0,0,0,0,4,30,76,5.76905669873474
"UBL5",0,0,0,0,0,0,0,0,0,1,7,18,46,5.75952576681529
"FANCA",0,0,0,0,0,0,0,0,0,0,9,24,50,5.75343395733846
"ATP5G3",0,0,0,0,0,0,0,0,0,1,5,18,58,5.74910402439399
"ARPC3",0,0,0,0,0,0,0,0,0,1,4,22,56,5.74104429576868
"WNT2B",0,0,0,0,0,0,0,0,0,2,9,17,28,5.73869328970969
"UQCR10",0,0,0,0,0,0,0,0,0,0,4,26,82,5.73493936650914
"FMR1",0,0,0,0,0,0,0,0,0,0,3,32,82,5.73261283056362
"BANF1",0,0,0,0,0,0,0,0,0,1,6,19,47,5.73054419348292
"ZNF593",0,0,0,0,0,0,0,0,0,3,8,14,28,5.7151931082474
"NHLH1",0,0,0,0,0,0,0,0,0,3,4,16,39,5.67603768400649
"CCT5",0,0,0,0,0,0,0,0,0,1,4,16,65,5.65496803086963
"DDX58",0,0,0,0,0,0,0,0,0,0,4,22,84,5.65421069811495
"CTDSPL",0,0,0,0,0,0,0,0,0,0,4,27,69,5.64603546527596
"SLC4A10",0,0,0,0,0,0,0,1,1,1,5,17,20,5.63437904108928
"TMEM30A",0,0,0,0,0,0,0,0,0,0,2,31,91,5.62284087552917
"CITED4",0,0,0,0,0,0,0,0,0,0,5,22,68,5.61893346562114
"SGCG",0,0,0,0,0,0,0,0,0,0,3,28,77,5.61470013395606
"DLGAP1",0,0,0,0,0,0,0,0,0,0,1,42,96,5.61151315475131
"LMO3",0,0,0,0,0,0,0,0,1,2,5,14,25,5.58928295403675
"HS3ST2",0,0,0,0,0,0,0,0,1,1,6,14,30,5.58566220708904
"POU3F2",0,0,0,0,0,0,0,1,1,1,6,13,20,5.56837325802573
"MT-ND6",0,0,0,0,0,0,1,1,1,2,6,11,11,5.55746665522141
"USP1",0,0,0,0,0,0,0,0,0,0,7,22,48,5.55467257125331
"CSRP2",0,0,0,0,0,0,0,0,0,0,3,25,77,5.54918055877706
"DUT",0,0,0,0,0,0,0,0,0,1,7,18,33,5.54906416670425
"TMEM258",0,0,0,0,0,0,0,0,0,0,5,20,65,5.53545675302666
"CLEC18B",0,0,1,1,1,1,1,1,2,2,2,4,14,5.51750665910297
"LUM",0,0,0,0,0,0,0,0,1,2,6,12,22,5.50851381239732
"ADGRB3",0,0,0,0,0,0,0,0,0,0,2,28,80,5.48100620729643
"TPD52",0,0,0,0,0,0,0,0,0,0,2,28,78,5.46475536086291
"CNPY2",0,0,0,0,0,0,0,0,0,0,3,21,78,5.45722847473449
"ZNF695",0,0,0,0,0,0,0,0,0,0,5,21,55,5.45657177906827
"NTM",0,0,0,0,0,0,0,0,0,0,1,31,98,5.44750039357529
"C5orf34",0,0,0,0,0,0,0,0,0,0,6,18,52,5.41760371328917
"COL9A3",0,0,0,0,0,0,0,0,0,1,5,18,34,5.40968092582339
"CREG1",0,0,0,0,0,0,0,0,0,0,2,26,75,5.39671554955617
"COMMD6",0,0,0,0,0,0,0,0,0,1,5,11,51,5.39129370530613
"SP5",0,0,0,0,0,0,0,0,0,0,1,34,80,5.3708317367387
"HES6",0,0,0,0,0,0,0,0,0,0,1,29,91,5.36111195338714
"ROMO1",0,0,0,0,0,0,0,0,0,0,3,20,69,5.35069726858208
"KCND1",0,0,0,0,0,0,0,0,0,1,3,17,46,5.34585448474515
"KCNJ12",0,0,0,0,0,0,0,0,1,2,2,13,33,5.34102787312315
"RHOBTB3",0,0,0,0,0,0,0,0,0,0,3,22,61,5.32639577845274
"NDUFB4",0,0,0,0,0,0,0,0,1,1,6,9,29,5.3210697573892
"WSB1",0,0,0,0,0,0,0,0,0,1,2,15,62,5.3074011545458
"ALYREF",0,0,0,0,0,0,0,0,0,0,3,18,70,5.29986720619266
"PLCB4",0,0,0,0,0,0,0,0,0,0,1,27,88,5.29816729573898
"SERPING1",0,0,0,0,0,0,0,0,0,0,2,20,81,5.29531773212328
"NPY1R",0,0,0,0,0,0,0,0,0,1,4,18,33,5.2905621706191
"DCLK2",0,0,0,0,0,0,0,0,0,0,3,18,68,5.28129451410402
"KCNIP2",0,0,0,0,0,0,0,0,0,1,5,15,32,5.26832444665248
"RHBDL3",0,0,0,0,0,0,0,0,1,1,4,11,30,5.26671634615885
"CLRN1",0,0,0,0,0,0,0,0,1,1,6,13,19,5.25940077909162
"CAMKV",0,0,0,0,0,0,0,0,0,0,8,15,38,5.25334182086306
"SRSF7",0,0,0,0,0,0,0,0,0,1,4,11,48,5.25239162576344
"PDPN",0,0,0,0,0,0,0,0,0,0,2,23,66,5.24411925958036
"POC1A",0,0,0,0,0,0,0,0,0,0,4,21,46,5.24241226496528
"CPED1",0,0,0,0,0,0,0,0,0,0,3,15,74,5.23238240575841
"CHRND",0,0,0,0,0,0,0,0,0,1,2,13,62,5.22728231897108
"LSM3",0,0,0,0,0,0,0,0,0,1,4,14,37,5.22102556660221
"RIPPLY2",0,0,0,0,0,0,0,0,0,1,4,15,34,5.20629391543072
"SH3BGRL2",0,0,0,0,0,0,0,0,0,0,2,20,70,5.20169214147837
"ZFYVE21",0,0,0,0,0,0,0,0,0,0,1,24,83,5.19258736347704
"EPPK1",0,0,0,0,0,0,0,0,0,0,1,23,86,5.19090352464222
"BEX2",0,0,0,0,0,0,0,0,0,0,1,26,77,5.1905938062588
"ABCC2",0,0,0,0,0,0,0,0,0,0,3,17,62,5.18972252550814
"NRARP",0,0,0,0,0,0,0,0,0,1,2,16,48,5.18042154925307
"NEUROD1",0,0,0,0,0,0,0,0,0,3,5,11,21,5.17873647319108
"USMG5",0,0,0,0,0,0,0,0,0,0,5,14,51,5.17860624581468
"RSPO1",0,0,0,0,0,0,0,0,0,2,6,12,21,5.16770393547431
"LMO4",0,0,0,0,0,0,0,0,0,0,2,16,80,5.16055671573828
"PDCD5",0,0,0,0,0,0,0,0,0,0,1,23,82,5.16030964258453
"COX4I1",0,0,0,0,0,0,0,0,0,0,3,13,74,5.1522635701837
"SPARC",0,0,0,0,0,0,0,0,0,0,4,12,65,5.14743604863285
"SPON2",0,0,0,0,0,0,0,0,0,1,6,13,26,5.14255253293236
"SLF1",0,0,0,0,0,0,0,0,0,0,6,14,42,5.13986077784256
"GCHFR",0,0,0,0,0,0,0,0,0,0,1,23,79,5.13638056005476
"TCEAL2",0,0,0,0,0,0,0,0,0,1,9,12,20,5.13090459042385
"CFAP57",0,0,0,0,0,0,0,0,0,0,2,19,65,5.12495170521703
"CAPN1",0,0,0,0,0,0,0,0,0,0,1,26,69,5.12025497624265
"LUC7L3",0,0,0,0,0,0,0,0,0,0,2,23,54,5.11583562737733
"CREG2",0,0,0,0,0,0,0,0,0,0,7,19,27,5.10706514367019
"CENPI",0,0,0,0,0,0,0,0,0,1,3,13,40,5.10629173002287
"TMEM131L",0,0,0,0,0,0,0,0,0,0,1,21,81,5.10022393204473
"C10orf82",0,0,0,0,0,0,0,0,0,0,2,15,73,5.06543230269404
"NEUROD4",0,0,0,0,0,0,0,0,0,0,6,17,31,5.05720197353794
"ZNF600",0,0,0,0,0,0,0,0,0,0,1,20,79,5.05626172448005
"HSPE1",0,0,0,0,0,0,0,0,0,0,2,18,61,5.05353749654664
"VWA3A",0,0,0,0,0,0,0,0,0,1,5,16,21,5.04114689947204
"NSUN7",0,0,0,0,0,0,0,0,0,0,0,31,93,5.03258315015534
"MXD3",0,0,0,0,0,0,0,0,0,0,5,17,34,5.03066700278125
"PPP1R17",0,0,0,0,0,0,0,0,0,2,5,12,19,5.0209694446965
"CADPS",0,0,0,0,0,0,0,0,0,0,4,19,35,5.01191752596762
"EXOSC8",0,0,0,0,0,0,0,0,0,1,2,16,36,4.99783499869991
"RPS27L",0,0,0,0,0,0,0,0,0,0,1,20,68,4.96011363993024
"EEF1D",0,0,0,0,0,0,0,0,0,0,1,19,71,4.9585032908008
"PLEKHF2",0,0,0,0,0,0,0,0,0,0,1,17,78,4.95559510814923
"SYPL1",0,0,0,0,0,0,0,0,0,0,1,23,59,4.9493872129611
"JAKMIP2",0,0,0,0,0,0,0,0,0,0,0,29,86,4.94355870612277
"LITAF",0,0,0,0,0,0,0,0,0,0,3,12,57,4.94071946994803
"NOG",0,0,0,0,0,0,0,0,0,0,8,15,23,4.93776174060496
"GNAO1",0,0,0,0,0,0,0,0,0,1,3,13,30,4.92456156958041
"PTH1R",0,0,0,0,0,0,0,0,0,0,1,20,64,4.92129613737419
"HOXA4",0,0,0,0,0,0,0,0,0,1,6,9,25,4.91613797777079
"GRID2",0,0,0,0,0,0,0,0,0,0,2,14,61,4.9117042297081
"ATP6V1C2",0,0,0,0,0,0,0,0,0,1,4,11,28,4.91145072148274
"FUT4",0,0,0,0,0,0,0,0,0,0,1,22,57,4.90181543572063
"NPR2",0,0,0,0,0,0,0,0,0,0,6,15,27,4.89973674693817
"RAB26",0,0,0,0,0,0,0,0,0,0,4,16,34,4.8960950982406
"RTRAF",0,0,0,0,0,0,0,0,0,0,2,13,63,4.8909451607204
"OTX2",0,0,0,0,0,0,0,0,0,1,4,12,25,4.88849680630961
"GREM2",0,0,0,0,0,0,0,0,0,3,5,6,22,4.88423221842251
"SLC1A5",0,0,0,0,0,0,0,0,0,0,0,25,88,4.87247156313878
"SERINC2",0,0,0,0,0,0,0,0,0,0,0,28,78,4.86051860209545
"ADGRG6",0,0,0,0,0,0,0,0,0,0,4,14,36,4.85711761571883
"STMN2",0,0,0,0,0,0,0,0,0,2,4,9,22,4.85411929232319
"C1GALT1",0,0,0,0,0,0,0,0,0,0,2,13,59,4.84899512198098
"SOD1",0,0,0,0,0,0,0,0,0,0,2,13,59,4.84899512198098
"SIX1",0,0,0,0,0,0,0,0,0,2,3,13,19,4.84242841852924
"OAS3",0,0,0,0,0,0,0,0,0,4,5,7,15,4.84003425875624
"ADAMTS8",0,0,0,0,0,0,0,0,1,1,4,9,18,4.83911706562532
"HAS2",0,0,0,0,0,0,0,0,0,0,2,12,62,4.83624394539888
"ATP6AP2",0,0,0,0,0,0,0,0,0,0,1,13,81,4.82903285779889
"B3GALT5",0,0,0,0,0,0,0,0,0,0,1,17,64,4.82880572947783
"AP3B2",0,0,0,0,0,0,0,0,1,3,4,6,14,4.8180329838003
"COPRS",0,0,0,0,0,0,0,0,0,0,0,25,80,4.81124987334998
"PXMP2",0,0,0,0,0,0,0,0,0,0,4,16,29,4.79589715635289
"ILDR2",0,0,0,0,0,0,0,0,0,1,4,11,23,4.78844342171769
"HOXA1",0,0,0,0,0,0,0,0,0,0,2,13,52,4.7683609003455
"CTSH",0,0,0,0,0,0,0,0,0,0,0,21,86,4.75746574914047
"FAM111A",0,0,0,0,0,0,0,0,0,0,0,25,73,4.7525002333956
"SFRP4",0,0,0,0,0,0,0,0,0,0,2,13,50,4.74335781780743
"LPAR3",0,0,0,0,0,0,0,0,0,1,2,12,31,4.74250830034418
"DGKG",0,0,0,0,0,0,0,0,0,0,5,13,27,4.73483503745847
"KDM5B",0,0,0,0,0,0,0,0,0,0,0,18,93,4.71980499597537
"FAM162A",0,0,0,0,0,0,0,0,0,4,6,6,12,4.70973270998066
"IFI44",0,0,0,0,0,0,0,0,0,4,5,7,12,4.70506867165038
"PA2G4",0,0,0,0,0,0,0,0,0,0,2,10,59,4.70429788789085
"RIPPLY3",0,0,0,0,0,0,0,0,0,1,3,8,32,4.70010015025086
"ATP5J2",0,0,0,0,0,0,0,0,0,0,2,12,50,4.6988930345152
"C19orf73",0,0,0,0,0,0,0,0,0,2,3,8,23,4.69583777907789
"PRMT8",0,0,0,0,0,0,0,0,0,1,3,12,21,4.65718269805574
"ICA1",0,0,0,0,0,0,0,0,0,0,1,13,61,4.64730269735644
"AP1S2",0,0,0,0,0,0,0,0,0,0,0,21,70,4.62536739209185
"GABBR2",0,0,0,0,0,0,0,0,0,1,4,10,19,4.61772758360785
"OTOL1",0,0,0,0,0,0,0,0,0,1,4,8,23,4.61583417824663
"ANP32B",0,0,0,0,0,0,0,0,0,0,2,14,38,4.61038194941306
"PNMA2",0,0,0,0,0,0,0,0,0,0,5,10,27,4.59013780336834
"LGALS3BP",0,0,0,0,0,0,0,0,0,0,0,18,75,4.58164005868598
"FAM83D",0,0,0,0,0,0,0,0,0,1,2,8,34,4.58012133541728
"COX8A",0,0,0,0,0,0,0,0,0,0,1,14,51,4.57436948704722
"DLX3",0,0,0,0,0,0,0,0,0,0,0,17,77,4.56608379208593
"LIX1",0,0,0,0,0,0,0,0,0,1,2,12,23,4.55551495325052
"PTPRU",0,0,0,0,0,0,0,0,0,0,0,16,78,4.54006911053729
"SCG3",0,0,0,0,0,0,0,0,0,0,2,14,34,4.54004311939691
"CCDC170",0,0,0,0,0,0,0,0,0,1,5,7,19,4.5269322011734
"FAM221B",0,0,0,0,0,0,0,0,0,1,5,7,19,4.5269322011734
"CCDC160",0,0,0,0,0,0,0,0,0,0,0,19,65,4.52071494644957
"CSF3R",0,0,0,0,0,0,0,0,0,0,1,12,53,4.51304019405167
"FAM78B",0,0,0,0,0,0,0,0,0,0,0,15,77,4.4954139706921
"MMRN1",0,0,0,0,0,0,0,0,0,1,3,8,23,4.49310522502381
"PARPBP",0,0,0,0,0,0,0,0,0,0,1,15,42,4.48956425785265
"GDAP1L1",0,0,0,0,0,0,0,0,0,1,4,7,21,4.48860696180954
"ASPHD1",0,0,0,0,0,0,0,0,1,1,2,9,16,4.48586630973238
"HAUS8",0,0,0,0,0,0,0,0,0,0,1,16,38,4.46247402572597
"MPP7",0,0,0,0,0,0,0,0,0,0,0,17,64,4.44757478016986
"RBPMS",0,0,0,0,0,0,0,0,0,0,0,17,63,4.43749705892149
"GRHL1",0,0,0,0,0,0,0,0,0,0,1,12,47,4.43648122087502
"ALDH1A1",0,0,0,0,0,0,0,0,0,0,4,8,30,4.43561728115583
"ZNF93",0,0,0,0,0,0,0,0,0,0,3,8,36,4.42789328823642
"HAUS1",0,0,0,0,0,0,0,0,0,0,1,11,50,4.42786160045158
"SEC11C",0,0,0,0,0,0,0,0,0,0,1,11,50,4.42786160045158
"LPIN2",0,0,0,0,0,0,0,0,0,0,0,19,56,4.42542268822485
"EIF5A",0,0,0,0,0,0,0,0,0,0,0,14,73,4.42247243124404
"NDUFA1",0,0,0,0,0,0,0,0,0,1,3,6,26,4.41887554123192
"SAMD9",0,0,0,0,0,0,0,0,0,1,4,9,15,4.41549816737101
"TLR3",0,0,0,0,0,0,0,0,0,0,1,11,49,4.41498989270907
"SKP1",0,0,0,0,0,0,0,0,0,0,3,10,29,4.41197736037536
"RAB20",0,0,0,0,0,0,0,0,0,0,1,9,57,4.40206996195957
"FILIP1L",0,0,0,0,0,0,0,0,0,0,1,12,44,4.3945311821356
"SEMA5B",0,0,0,0,0,0,0,0,0,0,3,12,24,4.39370079925719
"PLCL1",0,0,0,0,0,0,0,0,0,0,5,9,21,4.37619635855476
"ABCA3",0,0,0,0,0,0,0,0,0,0,3,11,25,4.3711686382027
"ISL1",0,0,0,0,0,0,0,0,0,0,2,11,32,4.36791066359347
"STAT1",0,0,0,0,0,0,0,0,0,1,3,7,21,4.36587800858672
"BEX3",0,0,0,0,0,0,0,0,0,1,2,7,27,4.36440820566922
"ONECUT1",0,0,0,0,0,0,0,0,0,0,3,11,24,4.34567517465307
"SHE",0,0,0,0,0,0,0,0,0,0,3,12,22,4.33950275344681
"SAMD12",0,0,0,0,0,0,0,0,0,0,0,12,73,4.33661192505963
"GRIP2",0,0,0,0,0,0,0,0,0,0,2,10,33,4.33510826344699
"CNDP2",0,0,0,0,0,0,0,0,0,0,0,18,51,4.33497180457779
"CKAP2",0,0,0,0,0,0,0,0,0,0,2,9,36,4.33288445778263
"GPI",0,0,0,0,0,0,0,0,0,3,4,7,9,4.32268326785273
"CDH11",0,0,0,0,0,0,0,0,0,2,4,6,13,4.31743034985592
"SYNJ2",0,0,0,0,0,0,0,0,0,0,0,13,66,4.31648460037328
"OST4",0,0,0,0,0,0,0,0,0,1,1,8,31,4.2988676228095
"DBNDD1",0,0,0,0,0,0,0,0,0,0,1,13,35,4.2939526570736
"ZFP42",0,0,0,0,0,0,0,0,0,0,1,9,48,4.29246519887631
"INA",0,0,0,0,0,0,0,0,0,0,3,8,29,4.29157494309807
"SGCE",0,0,0,0,0,0,0,0,0,0,0,13,63,4.28670840195294
"GRIA2",0,0,0,0,0,0,0,0,0,1,3,6,21,4.28575917301201
"DRGX",0,0,0,0,0,0,0,0,0,0,2,12,26,4.2855003361472
"TMSB4X",0,0,0,0,0,0,0,0,0,0,2,13,24,4.27994044270095
"IDH2",0,0,0,0,0,0,0,0,0,0,1,9,47,4.27906266219453
"MYL9",0,0,0,0,0,0,0,0,0,0,0,15,54,4.26831980374498
"CEND1",0,0,0,0,0,0,0,0,0,0,3,11,21,4.26258348317165
"ID2",0,0,0,0,0,0,0,0,1,1,2,3,27,4.26043612858523
"PDLIM3",0,0,0,0,0,0,0,0,0,0,2,13,23,4.25340614626278
"HOOK2",0,0,0,0,0,0,0,0,0,0,0,11,68,4.24311321786102
"SLC25A48",0,0,0,0,0,0,0,0,0,1,4,7,14,4.23966199784307
"SOX4",0,0,0,0,0,0,0,0,0,0,3,5,39,4.23528922532683
"KCNN4",0,0,0,0,0,0,0,0,0,0,0,13,58,4.23383373630787
"PTHLH",0,0,0,0,0,0,0,0,0,1,3,5,22,4.22216241078669
"TRPM1",0,0,0,0,0,0,0,0,1,2,4,4,9,4.20875628533138
"EIF3E",0,0,0,0,0,0,0,0,0,0,1,9,42,4.20756208030521
"EEA1",0,0,0,0,0,0,0,0,0,0,0,14,52,4.20551986447021
"B3GNT2",0,0,0,0,0,0,0,0,0,0,1,8,46,4.20216163682124
"TPPP3",0,0,0,0,0,0,0,0,0,0,0,13,55,4.199912996747
"SRSF9",0,0,0,0,0,0,0,0,0,0,0,11,63,4.19421799405659
"CA8",0,0,0,0,0,0,0,0,0,0,0,11,63,4.19421799405659
"GLUL",0,0,0,0,0,0,0,0,0,0,1,11,34,4.18315117914889
"SORCS3",0,0,0,0,0,0,0,0,0,0,3,12,17,4.18017315572537
"HERC6",0,0,0,0,0,0,0,0,0,0,1,8,44,4.17389631406041
"MTUS1",0,0,0,0,0,0,0,0,0,0,0,10,65,4.1620127459962
"TMEM178B",0,0,0,0,0,0,0,0,0,1,3,7,15,4.15888308335967
"LPL",0,0,0,0,0,0,0,0,0,1,2,6,22,4.15642767883457
"CHGB",0,0,0,0,0,0,0,0,0,0,1,10,35,4.14925542298346
"SIVA1",0,0,0,0,0,0,0,0,0,0,4,6,24,4.14500622743627
"JAM3",0,0,0,0,0,0,0,0,0,0,0,11,57,4.13023194672797
"TGFBI",0,0,0,0,0,0,0,0,1,2,3,5,8,4.12693593100735
"LSM7",0,0,0,0,0,0,0,0,0,0,0,10,61,4.12137451395833
"RNASEH2C",0,0,0,0,0,0,0,0,0,0,0,12,52,4.1196593582858
"COL11A2",0,0,0,0,0,0,0,0,0,0,0,11,56,4.11892731396526
"ADAMTS5",0,0,0,0,0,0,0,0,0,0,3,6,28,4.11875027754034
"IFI44L",0,0,0,0,0,0,0,0,0,1,3,7,14,4.11693304462025
"CYP1B1",0,0,0,0,0,0,0,0,0,0,0,9,65,4.1048266381136
"WDHD1",0,0,0,0,0,0,0,0,0,0,2,7,31,4.10463002059518
"LRR1",0,0,0,0,0,0,0,0,0,0,0,14,43,4.0845533827082
"GOLGB1",0,0,0,0,0,0,0,0,0,0,0,11,53,4.08378362013958
"SSB",0,0,0,0,0,0,0,0,0,0,0,10,57,4.0780251205342
"SSX2IP",0,0,0,0,0,0,0,0,0,0,0,9,62,4.07458862795092
"ROGDI",0,0,0,0,0,0,0,0,0,0,0,8,68,4.07050397438995
"HS6ST2",0,0,0,0,0,0,0,0,0,0,0,10,56,4.06672048777148
"RUNDC3A",0,0,0,0,0,0,0,0,0,1,2,6,19,4.06558241629072
"HNRNPC",0,0,0,0,0,0,0,0,0,0,2,7,29,4.06267998185576
"RSPO3",0,0,0,0,0,0,0,0,0,0,2,9,23,4.05152280429005
"MMP2",0,0,0,0,0,0,0,0,0,0,0,10,54,4.04350373408013
"TMPO",0,0,0,0,0,0,0,0,0,0,1,9,32,4.03551192005761
"MT-ND3",0,0,0,0,0,0,0,0,0,0,6,7,13,4.03330277123824
"DLX1",0,0,0,0,0,0,0,0,0,1,3,4,19,4.02192421416647
"TEAD3",0,0,0,0,0,0,0,0,0,0,0,9,57,4.0208390126516
"KLHDC9",0,0,0,0,0,0,0,0,0,0,0,7,69,4.00918683233999
"CPNE7",0,0,0,0,0,0,0,0,0,0,4,10,12,3.99114509786778
"RBFOX2",0,0,0,0,0,0,0,0,0,0,0,9,54,3.98631762619753
"DLL3",0,0,0,0,0,0,0,0,0,1,1,7,21,3.98464705927875
"XKR4",0,0,0,0,0,0,0,0,0,1,2,8,13,3.98453235969908
"SHOX2",0,0,0,0,0,0,0,0,0,0,4,9,13,3.9821291718851
"UQCRB",0,0,0,0,0,0,0,0,0,0,0,11,45,3.97956089759071
"MT1E",0,0,0,0,0,0,0,0,0,0,1,4,56,3.97487702086089
"HSPD1",0,0,0,0,0,0,0,0,0,0,1,9,29,3.9735603031848
"NEDD4L",0,0,0,0,0,0,0,0,0,0,0,7,64,3.96101665044007
"MAP3K8",0,0,0,0,0,0,0,0,0,0,0,8,57,3.9576227032569
"LNX1",0,0,0,0,0,0,0,0,0,0,0,11,43,3.95066725191967
"C11orf96",0,0,0,0,0,0,0,0,0,0,1,10,25,3.93773086270096
"NAV2",0,0,0,0,0,0,0,0,0,0,0,11,42,3.93572406507362
"COX6A1",0,0,0,0,0,0,0,0,0,0,2,8,21,3.9317490998521
"TOMM34",0,0,0,0,0,0,0,0,0,0,0,9,49,3.92436600932472
"OTUD7A",0,0,0,0,0,0,0,0,0,0,2,10,17,3.92171556507899
"UBB",0,0,0,0,0,0,0,0,0,0,2,6,26,3.91407681110346
"CHEK2",0,0,0,0,0,0,0,0,0,0,0,13,35,3.91272170776563
"FBLN7",0,0,0,0,0,0,0,0,0,0,1,8,29,3.9103439937901
"PDLIM2",0,0,0,0,0,0,0,0,0,0,0,8,52,3.89902449021061
"TXNDC17",0,0,0,0,0,0,0,0,0,0,0,9,47,3.89783171288656
"CNTFR",0,0,0,0,0,0,0,0,0,0,0,7,56,3.87564824910036
"EPB41L4A",0,0,0,0,0,0,0,0,0,0,0,8,50,3.87402140767254
"PRDX5",0,0,0,0,0,0,0,0,0,0,2,5,28,3.8680347297955
"ELMOD1",0,0,0,0,0,0,0,0,0,0,1,10,22,3.85803935334094
"PRDX2",0,0,0,0,0,0,0,0,0,0,1,6,33,3.84091137974166
"WASF1",0,0,0,0,0,0,0,0,0,0,0,7,53,3.84050455527468
"MCUB",0,0,0,0,0,0,0,0,0,0,0,7,52,3.82835466881678
"CLEC19A",0,0,0,0,0,0,0,0,0,2,2,6,9,3.81776930298083
"CHRNB4",0,0,0,0,0,0,0,0,0,0,3,7,15,3.8123094930797
"NTNG2",0,0,0,0,0,0,0,0,0,0,1,9,22,3.80085324545835
"MFAP2",0,0,0,0,0,0,0,0,0,0,1,4,42,3.79167377196925
"IGF2BP3",0,0,0,0,0,0,0,0,0,0,0,7,48,3.77734811877981
"MYZAP",0,0,0,0,0,0,0,0,0,0,1,4,41,3.77637894865262
"ZNF474",0,0,0,0,0,0,0,0,0,0,2,7,18,3.76578702023355
"PET100",0,0,0,0,0,0,0,0,0,0,2,8,16,3.76416017880573
"WDR83OS",0,0,0,0,0,0,0,0,0,1,2,5,13,3.74125329483418
"AL022238.4",0,0,0,0,0,0,0,0,0,0,3,7,13,3.72551408787376
"TRAIP",0,0,0,0,0,0,0,0,0,0,0,11,30,3.72303567278815
"TAX1BP1",0,0,0,0,0,0,0,0,0,0,0,7,44,3.72199554335861
"RHOB",0,0,0,0,0,0,0,0,0,0,0,7,44,3.72199554335861
"RNF165",0,0,0,0,0,0,0,0,0,0,0,6,49,3.71036104296148
"DQX1",0,0,0,0,0,0,0,0,0,0,1,8,21,3.70874329039261
"MMP16",0,0,0,0,0,0,0,0,0,0,0,7,43,3.70738818705477
"POLR2J",0,0,0,0,0,0,0,0,0,0,0,8,38,3.699649816386
"NEMP1",0,0,0,0,0,0,0,0,0,0,1,6,26,3.69107100164397
"PKP3",0,0,0,0,0,0,0,0,0,0,0,6,47,3.68382674652332
"KLHL31",0,0,0,0,0,0,0,0,0,0,0,6,46,3.67014203054473
"POMP",0,0,0,0,0,0,0,0,0,0,1,5,29,3.6670649289252
"HTATIP2",0,0,0,0,0,0,0,0,0,0,0,8,36,3.66543138962048
"COMTD1",0,0,0,0,0,0,0,0,0,0,0,7,40,3.6614867683657
"RHOD",0,0,0,0,0,0,0,0,0,0,0,5,52,3.65574542534571
"LY6H",0,0,0,0,0,0,0,0,0,0,2,6,17,3.65052449083316
"SCCPDH",0,0,0,0,0,0,0,0,0,0,0,5,51,3.64336409861476
"ZC3HAV1",0,0,0,0,0,0,0,0,0,0,1,4,33,3.63902803776894
"CLIC6",0,0,0,0,0,0,0,0,1,1,1,6,8,3.63546283554165
"HOXB6",0,0,0,0,0,0,0,0,0,0,1,5,27,3.62221956245869
"RMI2",0,0,0,0,0,0,0,0,0,0,0,13,22,3.6215056381231
"CHST2",0,0,0,0,0,0,0,0,0,0,1,8,18,3.61345103216789
"RNF43",0,0,0,0,0,0,0,0,0,0,0,6,42,3.612326164634
"SPDL1",0,0,0,0,0,0,0,0,0,0,0,7,37,3.61209592883005
"HIST1H2AH",0,0,0,0,0,0,0,0,0,1,1,4,18,3.60735262350659
"SYNE4",0,0,0,0,0,0,0,0,0,0,0,5,48,3.60473887530874
"CHPT1",0,0,0,0,0,0,0,0,0,0,0,6,41,3.59703134131738
"TNIK",0,0,0,0,0,0,0,0,0,0,0,6,41,3.59703134131738
"FSCN1",0,0,0,0,0,0,0,0,0,0,0,5,47,3.59133633862696
"CLU",0,0,0,0,0,0,0,0,0,0,0,8,32,3.59106466135494
"OLFML2B",0,0,0,0,0,0,0,0,0,0,1,10,14,3.58020074370343
"RAP2C",0,0,0,0,0,0,0,0,0,0,0,5,46,3.57765162264837
"PHLDB2",0,0,0,0,0,0,0,0,0,0,0,5,46,3.57765162264837
"CCDC186",0,0,0,0,0,0,0,0,0,0,0,7,35,3.57695223500437
"ARHGEF4",0,0,0,0,0,0,0,0,0,0,2,6,15,3.57396551765651
"SRSF2",0,0,0,0,0,0,0,0,0,0,0,9,28,3.57029334528764
"LIPC",0,0,0,0,0,0,0,0,0,0,2,7,13,3.56728894802528
"IFIH1",0,0,0,0,0,0,0,0,0,0,2,5,17,3.5580340829368
"LMNB1",0,0,0,0,0,0,0,0,0,0,0,8,30,3.55042642931708
"SFRP2",0,0,0,0,0,0,0,0,0,0,0,5,44,3.54938629988754
"NEFM",0,0,0,0,0,0,0,0,0,0,1,8,16,3.54115436934624
"C19orf66",0,0,0,0,0,0,0,0,0,1,3,5,7,3.53572817252464
"PDE7B",0,0,0,0,0,0,0,0,0,0,1,4,28,3.53563598625964
"CDH9",0,0,0,0,0,0,0,0,0,1,2,4,11,3.53166241887009
"POLD3",0,0,0,0,0,0,0,0,0,0,0,8,29,3.52911304448213
"PAICS",0,0,0,0,0,0,0,0,0,0,0,8,29,3.52911304448213
"AL049779.1",0,0,0,0,0,0,0,0,1,1,2,3,8,3.52269917223989
"FAM189A2",0,0,0,0,0,0,0,0,0,0,2,7,12,3.51911876612536
"SCRT2",0,0,0,0,0,0,0,0,0,0,2,7,12,3.51911876612536
"SLITRK1",0,0,0,0,0,0,0,0,0,0,1,8,15,3.50174836516556
"ZDHHC12",0,0,0,0,0,0,0,0,0,0,0,6,35,3.49683339942966
"ALDH7A1",0,0,0,0,0,0,0,0,0,0,0,6,35,3.49683339942966
"HINT1",0,0,0,0,0,0,0,0,0,0,2,6,13,3.48717011245057
"ALDH1A3",0,0,0,0,0,0,0,0,0,0,4,6,8,3.48093291654049
"CCDC18",0,0,0,0,0,0,0,0,0,0,0,7,30,3.47975660792325
"CAPN3",0,0,0,0,0,0,0,0,0,1,2,4,10,3.47510502382683
"SHC4",0,0,0,0,0,0,0,0,0,0,0,9,24,3.47382034196076
"SYNPO2",0,0,0,0,0,0,0,0,0,0,0,5,39,3.47282732671089
"SEC61G",0,0,0,0,0,0,0,0,0,0,1,8,14,3.45979832642614
"BHLHE40",0,0,0,0,0,0,0,0,0,0,0,4,45,3.45427965517837
"USP18",0,0,0,0,0,0,0,0,0,1,1,6,10,3.45398255634007
"DCT",0,0,0,0,0,0,0,0,1,1,2,3,7,3.44614019906324
"NOP58",0,0,0,0,0,0,0,0,0,0,2,3,21,3.4451909701223
"MCCC1",0,0,0,0,0,0,0,0,0,0,0,5,37,3.43948668535898
"KLHL35",0,0,0,0,0,0,0,0,0,1,1,5,11,3.41804954348698
"MAG",0,0,0,0,0,0,0,0,0,0,2,3,20,3.41495295995962
"CACNA1E",0,0,0,0,0,0,0,0,0,1,1,4,13,3.40885455129832
"COX7B",0,0,0,0,0,0,0,0,0,0,0,6,30,3.39963777234853
"PRAME",0,0,0,0,0,0,0,0,0,0,1,6,16,3.3903657123777
"AC004922.1",0,0,0,0,0,0,0,0,0,0,1,6,16,3.3903657123777
"SAMD4A",0,0,0,0,0,0,0,0,0,0,0,5,34,3.38603192150495
"CNBP",0,0,0,0,0,0,0,0,0,0,0,5,34,3.38603192150495
"FRAS1",0,0,0,0,0,0,0,0,0,0,0,4,39,3.36343439263452
"ALCAM",0,0,0,0,0,0,0,0,0,0,0,4,39,3.36343439263452
"NNMT",0,0,0,0,0,0,0,0,0,1,1,4,12,3.3606843693984
"PRRX1",0,0,0,0,0,0,0,0,1,1,2,3,6,3.3593447938573
"GAP43",0,0,0,0,0,0,0,0,0,0,0,6,28,3.3562883789244
"GLDC",0,0,0,0,0,0,0,0,0,0,0,3,47,3.34805727376206
"PDLIM7",0,0,0,0,0,0,0,0,0,0,0,4,38,3.34697781744473
"WDR54",0,0,0,0,0,0,0,0,0,1,2,4,8,3.34466907177644
"COX5B",0,0,0,0,0,0,0,0,0,0,1,3,25,3.33077031569387
"CCDC96",0,0,0,0,0,0,0,0,0,0,2,6,10,3.33041477551959
"ATP5J",0,0,0,0,0,0,0,0,0,0,0,4,37,3.33009375128261
"ADGRF1",0,0,0,0,0,0,0,1,1,1,1,2,7,3.32778401835666
"ZG16",0,0,0,0,0,0,0,1,1,1,1,2,7,3.32778401835666
"C8orf44-SGK3",0,0,0,0,0,0,0,0,0,0,0,8,21,3.32751234108464
"TSG101",0,0,0,0,0,0,0,0,0,0,0,5,30,3.30714736445218
"TICRR",0,0,0,0,0,0,0,0,0,0,0,5,30,3.30714736445218
"NDUFB11",0,0,0,0,0,0,0,0,0,0,0,5,30,3.30714736445218
"DTX4",0,0,0,0,0,0,0,0,0,0,1,3,24,3.30527685214424
"TESMIN",0,0,0,0,0,0,0,0,0,0,1,3,24,3.30527685214424
"LINGO1",0,0,0,0,0,0,0,0,0,0,0,4,35,3.29495005745693
"MBP",0,0,0,0,0,0,0,0,0,0,0,4,35,3.29495005745693
"LAYN",0,0,0,0,0,0,0,0,0,0,0,4,35,3.29495005745693
"DTX3L",0,0,0,0,0,0,0,0,0,0,1,4,19,3.29411967457852
"ANK2",0,0,0,0,0,0,0,0,0,0,0,3,43,3.2914998787188
"OCA2",0,0,0,0,0,0,0,0,0,0,3,4,10,3.28675657339534
"VEGFD",0,0,0,0,0,0,0,0,0,1,1,3,13,3.2749684205098
"SLIT3",0,0,0,0,0,0,0,0,0,0,1,4,18,3.26077903322662
"AP1G2",0,0,0,0,0,0,0,0,0,0,0,3,40,3.24559846002973
"MZT2B",0,0,0,0,0,0,0,0,0,0,0,4,32,3.23839266241367
"CADPS2",0,0,0,0,0,0,0,0,0,0,2,3,15,3.23819604489525
"CDH20",0,0,0,0,0,0,0,0,0,0,2,5,10,3.23792436762323
"CASP6",0,0,0,0,0,0,0,0,0,0,0,3,39,3.22954826184599
"S1PR1",0,0,0,0,0,0,0,0,0,1,1,2,16,3.22856058642535
"FAM72D",0,0,0,0,0,0,0,0,0,1,1,3,12,3.22679823860988
"SV2B",0,0,0,0,0,0,0,0,1,1,1,3,7,3.22313438960375
"SAMD9L",0,0,0,0,0,0,0,0,0,0,1,6,12,3.21599412109116
"CTNND2",0,0,0,0,0,0,0,0,0,0,0,2,50,3.21485403447168
"CAPN6",0,0,0,0,0,0,0,0,0,0,0,3,38,3.21309168665621
"ZNF519",0,0,0,0,0,0,0,0,0,0,0,7,19,3.194890902818
"CAV1",0,0,0,0,0,0,0,0,0,0,0,5,25,3.1928184312508
"TAGLN3",0,0,0,0,0,0,0,0,0,0,2,4,11,3.18508882859012
"SULF2",0,0,0,0,0,0,0,0,0,0,0,3,36,3.17887325989068
"HLA-E",0,0,0,0,0,0,0,0,0,0,0,3,36,3.17887325989068
"NEDD8",0,0,0,0,0,0,0,0,0,0,1,6,11,3.16396636110336
"PTPN6",0,0,0,0,0,0,0,0,0,0,0,3,35,3.16106392666841
"FAM212A",0,0,0,0,0,0,0,0,0,0,0,4,28,3.15440503695167
"NMI",0,0,0,0,0,0,0,0,0,0,0,3,34,3.14275285664005
"CADM3",0,0,0,0,0,0,0,0,0,0,2,4,10,3.12853143354686
"ISG15",0,0,0,0,0,0,0,0,0,0,2,4,10,3.12853143354686
"IFI16",0,0,0,0,0,0,0,0,0,0,1,3,18,3.12689290243809
"HOXA2",0,0,0,0,0,0,0,0,0,0,1,5,12,3.1235037131948
"ANGPTL2",0,0,0,0,0,0,0,0,0,0,1,5,12,3.1235037131948
"CNTNAP3B",0,0,0,0,0,0,0,0,0,0,1,5,12,3.1235037131948
"PNPLA7",0,0,0,0,0,0,0,0,0,0,2,6,7,3.12341985029254
"SEMA6D",0,0,0,0,0,0,0,0,0,0,0,5,22,3.11312692189078
"PIF1",0,0,0,0,0,0,0,0,0,0,0,5,22,3.11312692189078
"CMTM8",0,0,0,0,0,0,0,0,0,0,0,4,26,3.10795671036327
"PYGM",0,0,0,0,0,0,0,0,0,0,2,5,8,3.10748841557284
"NDUFA11",0,0,0,0,0,0,0,0,0,0,1,4,14,3.10712632748487
"SRP14",0,0,0,0,0,0,0,0,0,0,1,2,23,3.106133312235
"LIX1L",0,0,0,0,0,0,0,0,0,0,0,2,42,3.10394744840168
"SOX8",0,0,0,0,0,0,0,0,0,0,0,3,31,3.08450495349176
"NTN5",0,0,0,0,0,0,0,0,0,0,0,5,21,3.08423327621974
"ARPP21",0,0,0,0,0,0,0,0,0,0,1,5,11,3.071475953207
"NRSN1",0,0,0,0,0,0,0,0,0,0,1,4,13,3.06228096101835
"FYB2",0,0,0,0,0,0,0,0,0,0,1,4,13,3.06228096101835
"CENPP",0,0,0,0,0,0,0,0,0,0,0,4,24,3.05793203362479
"PRUNE2",0,0,0,0,0,0,0,0,0,1,1,3,9,3.05626146670601
"HYDIN",0,0,0,0,0,0,0,0,0,0,0,6,17,3.0462877320657
"SMKR1",0,0,0,0,0,0,0,0,0,0,0,6,17,3.0462877320657
"TVP23B",0,0,0,0,0,0,0,0,0,0,0,3,29,3.04255491475234
"CLVS1",0,0,0,0,0,0,0,0,0,0,2,5,7,3.03092944239619
"HCAR2",0,0,0,0,0,0,0,0,0,0,0,3,28,3.02051890616314
"CMC2",0,0,0,0,0,0,0,0,0,0,0,4,22,3.00373398781441
"LRRN2",0,0,0,0,0,0,0,0,0,1,1,2,11,3.00216123515101
"TMEM215",0,0,0,0,0,0,0,0,0,1,1,2,11,3.00216123515101
"SRSF3",0,0,0,0,0,0,0,0,0,0,0,3,27,2.99770954828582
"AC024940.1",0,0,0,0,0,0,0,1,1,1,1,1,6,2.99770954828582
"RHOXF2B",0,0,0,0,0,0,0,0,0,0,0,5,18,2.98894101799502
"ATP5G1",0,0,0,0,0,0,0,0,0,0,0,4,21,2.97484034214337
"LTC4S",0,0,0,0,0,0,0,0,0,0,0,3,26,2.97407057957475
"RTL5",0,0,0,0,0,0,0,0,0,0,0,3,26,2.97407057957475
"NDUFS6",0,0,0,0,0,0,0,0,0,0,1,3,14,2.97324019669634
"ATOX1",0,0,0,0,0,0,0,0,0,0,1,3,14,2.97324019669634
"KIAA1551",0,0,0,0,0,0,0,0,0,0,0,2,34,2.97014361316899
"STEAP1B",0,0,0,0,0,0,0,0,0,0,0,6,15,2.96972875888905
"M1AP",0,0,0,0,0,0,0,0,0,0,1,2,18,2.95428365896702
"GGCT",0,0,0,0,0,0,0,0,0,0,0,5,17,2.95379732416934
"FRK",0,0,0,0,0,0,0,0,0,0,0,2,33,2.95130171420137
"REEP5",0,0,0,0,0,0,0,0,0,0,0,2,33,2.95130171420137
"FBXO7",0,0,0,0,0,0,0,0,0,0,0,3,25,2.9495393663859
"SEMA5A",0,0,0,0,0,0,0,0,0,0,0,3,25,2.9495393663859
"SERPINI1",0,0,0,0,0,0,0,0,0,0,0,3,25,2.9495393663859
"GOLGA8B",0,0,0,0,0,0,0,0,0,0,0,2,32,2.93189728815408
"SPAG1",0,0,0,0,0,0,0,0,0,0,2,2,12,2.93062121431833
"ZNF385D",0,0,0,0,0,0,0,0,0,0,1,3,13,2.92839483022982
"LMO2",0,0,0,0,0,0,0,0,0,0,0,6,14,2.92777872014963
"EGLN3",0,0,0,0,0,0,0,0,0,0,0,5,16,2.91664435517337
"OAS2",0,0,0,0,0,0,0,0,0,1,1,3,7,2.91121815835177
"ATP5B",0,0,0,0,0,0,0,0,0,0,1,4,10,2.90552562408737
"AP000350.4",0,0,0,0,0,0,0,0,0,0,1,4,10,2.90552562408737
"PDGFD",0,0,0,0,0,0,0,0,0,0,1,1,24,2.88938854380827
"TMEM125",0,0,0,0,0,0,0,0,0,0,0,2,29,2.86994567128127
"CSE1L",0,0,0,0,0,0,0,0,0,0,0,3,22,2.86984785702588
"ZNF750",0,0,0,0,0,0,0,0,0,0,0,3,22,2.86984785702588
"FAM189A1",0,0,0,0,0,0,0,0,0,0,2,3,8,2.86420935070794
"CFAP47",0,0,0,0,0,0,0,0,0,0,2,3,8,2.86420935070794
"TFG",0,0,0,0,0,0,0,0,0,0,0,2,28,2.84790966269207
"IGFBP4",0,0,0,0,0,0,0,0,0,0,0,2,28,2.84790966269207
"POLR3K",0,0,0,0,0,0,0,0,0,0,0,2,28,2.84790966269207
"ZNF33A",0,0,0,0,0,0,0,0,0,0,0,1,41,2.84537356022016
"EXOSC9",0,0,0,0,0,0,0,0,0,0,0,4,17,2.84440439009297
"DAD1",0,0,0,0,0,0,0,0,0,0,0,4,17,2.84440439009297
"LYSMD2",0,0,0,0,0,0,0,0,0,0,1,4,9,2.84357400721456
"CHODL",0,0,0,0,0,0,0,0,0,0,1,4,9,2.84357400721456
"BMP7",0,0,0,0,0,0,0,0,0,0,0,3,21,2.84095421135484
"SH2D3C",0,0,0,0,0,0,0,0,0,0,0,5,14,2.83528831225327
"KANK4",0,0,0,0,0,0,0,0,0,0,0,5,14,2.83528831225327
"MAPK8IP2",0,0,0,0,0,0,0,0,0,0,2,4,6,2.83474110311387
"FAM241B",0,0,0,0,0,0,0,0,0,0,0,2,27,2.82510030481475
"GAL",0,0,0,0,0,0,0,0,0,1,1,2,8,2.81516788805735
"ONECUT2",0,0,0,0,0,0,0,0,0,1,1,2,8,2.81516788805735
"ALDOC",0,0,0,0,0,0,0,0,0,0,1,6,6,2.81361863562711
"TFAP2E",0,0,0,0,0,0,0,0,0,0,1,5,7,2.8079236329367
"TJP2",0,0,0,0,0,0,0,0,0,0,0,2,26,2.80146133610368
"PFDN5",0,0,0,0,0,0,0,0,0,0,0,2,26,2.80146133610368
"SH3GL3",0,0,0,0,0,0,0,0,0,0,0,2,26,2.80146133610368
"ADAMTS4",0,0,0,0,0,0,0,0,0,0,0,2,26,2.80146133610368
"HIGD1A",0,0,0,0,0,0,0,0,0,0,0,2,26,2.80146133610368
"NKD1",0,0,0,0,0,0,0,0,0,0,0,3,19,2.77900259448203
"NEUROG1",0,0,0,0,0,0,0,0,0,0,1,4,8,2.77508967203697
"GALNT18",0,0,0,0,0,0,0,0,0,0,1,3,10,2.77163949329885
"TRABD2B",0,0,0,0,0,0,0,0,0,0,1,3,10,2.77163949329885
"PHPT1",0,0,0,0,0,0,0,0,0,0,0,4,15,2.76784541691632
"SEC61B",0,0,0,0,0,0,0,0,0,0,0,4,15,2.76784541691632
"RTN1",0,0,0,0,0,0,0,0,0,0,0,4,15,2.76784541691632
"ANK3",0,0,0,0,0,0,0,0,0,0,0,1,36,2.76298495155471
"KREMEN2",0,0,0,0,0,0,0,0,0,0,0,2,24,2.7514366593652
"LAPTM4A",0,0,0,0,0,0,0,0,0,0,0,3,18,2.74566195313012
"BST2",0,0,0,0,0,0,0,0,0,0,0,5,12,2.74227276388683
"KCNJ2",0,0,0,0,0,0,0,0,0,0,0,1,34,2.72686454830409
"TMEM121B",0,0,0,0,0,0,0,0,0,0,0,6,10,2.72617801675213
"SMAD9",0,0,0,0,0,0,0,0,0,0,0,2,23,2.72490236292703
"GAS2L3",0,0,0,0,0,0,0,0,0,0,0,2,23,2.72490236292703
"IGFBP2",0,0,0,0,0,0,0,0,0,0,1,5,6,2.72112822773076
"ZNF85",0,0,0,0,0,0,0,0,0,0,0,3,17,2.71051825930444
"C11orf88",0,0,0,0,0,0,0,0,0,0,1,3,9,2.70968787642603
"DNAJB9",0,0,0,0,0,0,0,0,0,0,0,1,33,2.70802264933647
"SNRPD3",0,0,0,0,0,0,0,0,0,0,1,2,12,2.70761540485884
"KCNB1",0,0,0,0,0,0,0,0,0,0,2,3,6,2.70085497232535
"FCGBP",0,0,0,0,0,0,0,0,0,0,1,4,7,2.69853069886032
"PDE11A",0,0,0,0,0,0,0,0,0,0,0,5,11,2.69024500389903
"PXDC1",0,0,0,0,0,0,0,0,0,0,0,1,31,2.66861664515579
"SPRY1",0,0,0,0,0,0,0,0,0,0,0,2,21,2.66834496788377
"INHBE",0,0,0,0,0,0,0,0,0,1,1,2,6,2.65181350967476
"ODF3B",0,0,0,0,0,0,0,0,0,1,1,2,6,2.65181350967476
"CRYBG1",0,0,0,0,0,0,0,0,0,0,0,1,30,2.64797999125131
"C6orf141",0,0,0,0,0,0,0,0,0,0,0,2,20,2.63810695772109
"C4orf48",0,0,0,0,0,0,0,0,0,0,0,2,20,2.63810695772109
"ATP5O",0,0,0,0,0,0,0,0,0,0,0,3,15,2.63395928612779
"PPFIA4",0,0,0,0,0,0,0,0,0,0,0,5,10,2.63368760885577
"COX5A",0,0,0,0,0,0,0,0,0,0,0,4,12,2.63287982981046
"TMEM2",0,0,0,0,0,0,0,0,0,0,0,1,29,2.62666660641637
"CCDC169-SOHLH2",0,0,0,0,0,0,0,0,0,0,1,4,6,2.61173529365438
"GRIK2",0,0,0,0,0,0,0,0,0,0,0,2,19,2.60639335101096
"RASAL1",0,0,0,0,0,0,0,0,0,0,0,6,8,2.59574206470173
"CBX5",0,0,0,0,0,0,0,0,0,0,0,3,14,2.59200924738837
"MINOS1",0,0,0,0,0,0,0,0,0,0,0,3,14,2.59200924738837
"MAP7",0,0,0,0,0,0,0,0,0,0,0,1,27,2.58182123994985
"CYC1",0,0,0,0,0,0,0,0,0,0,0,1,27,2.58182123994985
"ARPC1A",0,0,0,0,0,0,0,0,0,0,0,1,27,2.58182123994985
"CACYBP",0,0,0,0,0,0,0,0,0,0,0,4,11,2.58085206982266
"IQSEC3",0,0,0,0,0,0,0,0,0,0,1,3,7,2.5646445680718
"PLEKHF1",0,0,0,0,0,0,0,0,0,0,1,3,7,2.5646445680718
"CEACAM19",0,0,0,0,0,0,0,0,0,0,1,3,7,2.5646445680718
"CDC42",0,0,0,0,0,0,0,0,0,0,0,1,26,2.55818227123878
"RCAN3",0,0,0,0,0,0,0,0,0,0,0,1,26,2.55818227123878
"UBXN4",0,0,0,0,0,0,0,0,0,0,0,1,26,2.55818227123878
"COL4A6",0,0,0,0,0,0,0,0,0,0,1,1,14,2.55735188836037
"LGI2",0,0,0,0,0,0,0,0,0,0,0,3,13,2.54716388092185
"NDC1",0,0,0,0,0,0,0,0,0,0,0,2,17,2.53790901583337
"HCFC1R1",0,0,0,0,0,0,0,0,0,0,0,2,17,2.53790901583337
"PRIM2",0,0,0,0,0,0,0,0,0,0,0,2,17,2.53790901583337
"CD55",0,0,0,0,0,0,0,0,0,0,0,2,17,2.53790901583337
"DPYSL4",0,0,0,0,0,0,0,0,0,0,0,1,25,2.53365105804993
"SCN3A",0,0,0,0,0,0,0,0,0,0,0,4,10,2.5242946747794
"HOXA5",0,0,0,0,0,0,0,0,0,0,1,1,13,2.51250652189386
"STK26",0,0,0,0,0,0,0,0,0,0,0,1,24,2.5081575945003
"TAPBP",0,0,0,0,0,0,0,0,0,0,0,1,24,2.5081575945003
"CRYBG2",0,0,0,0,0,0,0,0,0,0,0,2,16,2.50075604683741
"SLC35F1",0,0,0,0,0,0,0,0,0,0,0,2,16,2.50075604683741
"SLC22A5",0,0,0,0,0,0,0,0,0,0,0,2,16,2.50075604683741
"CCER2",0,0,0,0,0,0,0,0,0,0,0,3,12,2.49899369902193
"ZSWIM5",0,0,0,0,0,0,0,0,0,1,1,1,7,2.4953298500158
"PLAU",0,0,0,0,0,0,0,0,0,0,0,1,23,2.48162329806213
"C16orf45",0,0,0,0,0,0,0,0,0,0,0,1,23,2.48162329806213
"EPHA3",0,0,0,0,0,0,0,0,0,0,1,3,6,2.47784916286586
"PLD6",0,0,0,0,0,0,0,0,0,0,1,3,6,2.47784916286586
"OPCML",0,0,0,0,0,0,0,0,0,0,1,3,6,2.47784916286586
"AL355987.3",0,0,0,0,0,0,0,0,0,0,1,3,6,2.47784916286586
"CCDC88B",0,0,0,0,0,0,0,0,0,0,1,2,8,2.46859429777738
"ACAT2",0,0,0,0,0,0,0,0,0,0,0,4,9,2.46234305790659
"SCOC",0,0,0,0,0,0,0,0,0,0,0,1,22,2.45395954868992
"NETO2",0,0,0,0,0,0,0,0,0,0,0,1,22,2.45395954868992
"C1orf210",0,0,0,0,0,0,0,0,0,0,0,1,22,2.45395954868992
"STMN4",0,0,0,0,0,0,0,0,0,0,0,3,11,2.44696593903413
"SRRM4",0,0,0,0,0,0,0,0,0,0,0,3,11,2.44696593903413
"TBCA",0,0,0,0,0,0,0,0,0,0,0,3,11,2.44696593903413
"CAMK2A",0,0,0,0,0,0,0,0,0,0,0,5,7,2.42669268362873
"C1orf21",0,0,0,0,0,0,0,0,0,0,0,1,21,2.42506590301887
"SLC2A1",0,0,0,0,0,0,0,0,0,0,0,1,21,2.42506590301887
"USP25",0,0,0,0,0,0,0,0,0,0,0,1,21,2.42506590301887
"SLC48A1",0,0,0,0,0,0,0,0,0,0,0,1,21,2.42506590301887
"HBD",0,0,0,0,0,0,0,0,0,0,0,1,21,2.42506590301887
"SYT14",0,0,0,0,0,0,0,0,0,0,0,2,14,2.4194000039173
"IGFBP3",0,0,0,0,0,0,0,0,0,0,0,2,14,2.4194000039173
"ARHGEF35",0,0,0,0,0,0,0,0,0,1,1,1,6,2.40853444480986
"BEX4",0,0,0,0,0,0,0,0,0,0,0,1,20,2.39482789285619
"SLC7A5",0,0,0,0,0,0,0,0,0,0,0,1,20,2.39482789285619
"KIRREL3",0,0,0,0,0,0,0,0,0,0,0,4,8,2.393858722729
"ABCC8",0,0,0,0,0,0,0,0,0,0,1,2,7,2.39203532460073
"MKRN3",0,0,0,0,0,0,0,0,0,0,1,2,7,2.39203532460073
"BEX5",0,0,0,0,0,0,0,0,0,0,1,2,7,2.39203532460073
"HPCA",0,0,0,0,0,0,0,0,0,0,0,3,10,2.39040854399088
"SNRPC",0,0,0,0,0,0,0,0,0,0,0,3,10,2.39040854399088
"CPLX2",0,0,0,0,0,0,0,0,0,0,0,3,10,2.39040854399088
"KNSTRN",0,0,0,0,0,0,0,0,0,0,0,2,13,2.37455463745078
"SYCP2",0,0,0,0,0,0,0,0,0,0,0,2,13,2.37455463745078
"GLI3",0,0,0,0,0,0,0,0,0,0,0,1,19,2.36311428614606
"PRKAG2",0,0,0,0,0,0,0,0,0,0,0,1,19,2.36311428614606
"FNDC11",0,0,0,0,0,0,0,0,0,0,1,1,10,2.35575118496288
"PRKCH",0,0,0,0,0,0,0,0,0,0,0,1,18,2.32977364479415
"SOX15",0,0,0,0,0,0,0,0,0,0,0,1,18,2.32977364479415
"EME1",0,0,0,0,0,0,0,0,0,0,0,1,18,2.32977364479415
"F2RL1",0,0,0,0,0,0,0,0,0,0,0,1,18,2.32977364479415
"RSL1D1",0,0,0,0,0,0,0,0,0,0,0,1,18,2.32977364479415
"CCDC152",0,0,0,0,0,0,0,0,0,0,0,1,18,2.32977364479415
"SYN1",0,0,0,0,0,0,0,0,0,0,0,3,9,2.32845692711806
"PPP1R27",0,0,0,0,0,0,0,0,0,0,0,3,9,2.32845692711806
"POLA1",0,0,0,0,0,0,0,0,0,0,0,2,12,2.32638445555087
"CENPL",0,0,0,0,0,0,0,0,0,0,0,2,12,2.32638445555087
"PPP1R1A",0,0,0,0,0,0,0,0,0,0,0,2,12,2.32638445555087
"RECQL4",0,0,0,0,0,0,0,0,0,0,0,2,12,2.32638445555087
"ASRGL1",0,0,0,0,0,0,0,0,0,0,0,2,12,2.32638445555087
"FAM20A",0,0,0,0,0,0,0,0,0,0,0,4,7,2.31729974955235
"TAS2R50",0,0,0,0,0,0,0,0,0,0,1,2,6,2.30523991939479
"LMCD1",0,0,0,0,0,0,0,0,0,0,0,1,17,2.29462995096847
"HSP90AA1",0,0,0,0,0,0,0,0,0,0,0,1,17,2.29462995096847
"TMEM154",0,0,0,0,0,0,0,0,0,0,0,1,17,2.29462995096847
"CYTL1",0,0,0,0,0,0,0,0,0,0,0,1,17,2.29462995096847
"NDUFA6",0,0,0,0,0,0,0,0,0,0,0,1,17,2.29462995096847
"SMTNL2",0,0,0,0,0,0,0,0,0,0,0,1,17,2.29462995096847
"B4GALT1",0,0,0,0,0,0,0,0,0,0,0,0,33,2.29213434100051
"CA2",0,0,0,0,0,0,0,0,0,0,0,3,8,2.25997259194048
"DGKI",0,0,0,0,0,0,0,0,0,0,0,3,8,2.25997259194048
"FBL",0,0,0,0,0,0,0,0,0,0,0,1,16,2.25747698197251
"ANO9",0,0,0,0,0,0,0,0,0,0,0,1,16,2.25747698197251
"HSF4",0,0,0,0,0,0,0,0,0,0,0,4,6,2.23050434434641
"PYCARD",0,0,0,0,0,0,0,0,0,0,0,4,6,2.23050434434641
"CLIC2",0,0,0,0,0,0,0,0,0,0,0,4,6,2.23050434434641
"GNG8",0,0,0,0,0,0,0,0,0,0,0,4,6,2.23050434434641
"APCDD1",0,0,0,0,0,0,0,0,0,0,1,1,8,2.22531523291248
"CEP152",0,0,0,0,0,0,0,0,0,0,0,1,15,2.21807097779183
"MPZ",0,0,0,0,0,0,0,0,0,0,0,1,15,2.21807097779183
"FAM221A",0,0,0,0,0,0,0,0,0,0,0,1,15,2.21807097779183
"MDC1",0,0,0,0,0,0,0,0,0,0,0,2,10,2.21779930051981
"ANP32E",0,0,0,0,0,0,0,0,0,0,0,2,10,2.21779930051981
"SST",0,0,0,0,0,0,0,0,0,0,0,2,10,2.21779930051981
"GATA2",0,0,0,0,0,0,0,0,0,0,0,2,10,2.21779930051981
"BEND4",0,0,0,0,0,0,0,0,0,0,0,2,10,2.21779930051981
"KLHL40",0,0,0,0,0,0,0,0,0,0,0,3,7,2.18341361876383
"CENPQ",0,0,0,0,0,0,0,0,0,0,0,1,14,2.1761209390524
"MIEN1",0,0,0,0,0,0,0,0,0,0,0,1,14,2.1761209390524
"TFAP2B",0,0,0,0,0,0,0,0,0,0,0,2,9,2.155847683647
"MRPL51",0,0,0,0,0,0,0,0,0,0,0,2,9,2.155847683647
"CTSV",0,0,0,0,0,0,0,0,0,0,0,2,9,2.155847683647
"TOMM7",0,0,0,0,0,0,0,0,0,0,0,2,9,2.155847683647
"PPP2R3C",0,0,0,0,0,0,0,0,0,0,0,0,26,2.14229396290281
"VPS35",0,0,0,0,0,0,0,0,0,0,0,1,13,2.13127557258589
"PREX1",0,0,0,0,0,0,0,0,0,0,0,1,13,2.13127557258589
"TTLL9",0,0,0,0,0,0,0,0,0,0,0,1,13,2.13127557258589
"CST6",0,0,0,0,0,0,0,0,0,0,0,1,13,2.13127557258589
"UFM1",0,0,0,0,0,0,0,0,0,0,0,0,25,2.11776274971396
"HAS3",0,0,0,0,0,0,0,0,0,0,0,3,6,2.09661821355789
"SCN1B",0,0,0,0,0,0,0,0,0,0,0,3,6,2.09661821355789
"DNAJC6",0,0,0,0,0,0,0,0,0,0,0,3,6,2.09661821355789
"TNNI3K",0,0,0,0,0,0,0,0,0,0,0,3,6,2.09661821355789
"OLFM1",0,0,0,0,0,0,0,0,0,0,0,3,6,2.09661821355789
"HAVCR2",0,0,0,0,0,0,0,0,0,0,0,3,6,2.09661821355789
"CCL3L3",0,0,0,0,0,0,0,0,0,0,0,3,6,2.09661821355789
"PRSS16",0,0,0,0,0,0,0,0,0,0,0,0,24,2.09226928616433
"CNRIP1",0,0,0,0,0,0,0,0,0,0,0,0,24,2.09226928616433
"PPDPF",0,0,0,0,0,0,0,0,0,0,0,2,8,2.08736334846941
"MISP3",0,0,0,0,0,0,0,0,0,0,0,2,8,2.08736334846941
"CHAF1B",0,0,0,0,0,0,0,0,0,0,0,2,8,2.08736334846941
"PIFO",0,0,0,0,0,0,0,0,0,0,0,2,8,2.08736334846941
"POLR2L",0,0,0,0,0,0,0,0,0,0,0,2,8,2.08736334846941
"ZNF385C",0,0,0,0,0,0,0,0,0,0,0,2,8,2.08736334846941
"NHP2",0,0,0,0,0,0,0,0,0,0,0,1,12,2.08310539068597
"ATP5A1",0,0,0,0,0,0,0,0,0,0,0,1,12,2.08310539068597
"NDUFB1",0,0,0,0,0,0,0,0,0,0,0,1,12,2.08310539068597
"DPYD",0,0,0,0,0,0,0,0,0,0,0,1,12,2.08310539068597
"ADGRG1",0,0,0,0,0,0,0,0,0,0,0,1,12,2.08310539068597
"C2orf15",0,0,0,0,0,0,0,0,0,0,0,0,23,2.06573498972616
"KCNAB1",0,0,0,0,0,0,0,0,0,0,0,0,22,2.03807124035395
"MXRA7",0,0,0,0,0,0,0,0,0,0,0,0,22,2.03807124035395
"NDUFAB1",0,0,0,0,0,0,0,0,0,0,0,1,11,2.03107763069817
"EZH2",0,0,0,0,0,0,0,0,0,0,0,1,11,2.03107763069817
"PLCH1",0,0,0,0,0,0,0,0,0,0,0,1,11,2.03107763069817
"CCT8",0,0,0,0,0,0,0,0,0,0,0,1,11,2.03107763069817
"FAM84A",0,0,0,0,0,0,0,0,0,0,0,1,11,2.03107763069817
"LRRN1",0,0,0,0,0,0,0,0,0,0,0,1,11,2.03107763069817
"ASPH",0,0,0,0,0,0,0,0,0,0,0,1,11,2.03107763069817
"MRPL23",0,0,0,0,0,0,0,0,0,0,0,1,11,2.03107763069817
"COL10A1",0,0,0,0,0,0,0,0,0,0,0,2,7,2.01080437529276
"C11orf52",0,0,0,0,0,0,0,0,0,0,0,2,7,2.01080437529276
"SORBS1",0,0,0,0,0,0,0,0,0,0,0,0,21,2.00917759468291
"RAB11FIP1",0,0,0,0,0,0,0,0,0,0,0,0,21,2.00917759468291
"FRMD4B",0,0,0,0,0,0,0,0,0,0,0,0,20,1.97893958452023
"VAV3",0,0,0,0,0,0,0,0,0,0,0,0,20,1.97893958452023
"SNRPA",0,0,0,0,0,0,0,0,0,0,0,1,10,1.97452023565491
"VSIR",0,0,0,0,0,0,0,0,0,0,0,1,10,1.97452023565491
"TIMM8B",0,0,0,0,0,0,0,0,0,0,0,1,10,1.97452023565491
"RPL39L",0,0,0,0,0,0,0,0,0,0,0,1,10,1.97452023565491
"GNG10",0,0,0,0,0,0,0,0,0,0,0,1,10,1.97452023565491
"TM9SF3",0,0,0,0,0,0,0,0,0,0,0,0,19,1.94722597781009
"NOVA1",0,0,0,0,0,0,0,0,0,0,0,0,19,1.94722597781009
"PFDN2",0,0,0,0,0,0,0,0,0,0,0,0,19,1.94722597781009
"TRIM56",0,0,0,0,0,0,0,0,0,0,0,0,19,1.94722597781009
"ATP8B4",0,0,0,0,0,0,0,0,0,0,0,2,6,1.92400897008682
"ASAH1",0,0,0,0,0,0,0,0,0,0,0,2,6,1.92400897008682
"UQCRQ",0,0,0,0,0,0,0,0,0,0,0,2,6,1.92400897008682
"GAL3ST3",0,0,0,0,0,0,0,0,0,0,0,2,6,1.92400897008682
"UFSP1",0,0,0,0,0,0,0,0,0,0,0,2,6,1.92400897008682
"TMEM255B",0,0,0,0,0,0,0,0,0,0,0,2,6,1.92400897008682
"CFAP45",0,0,0,0,0,0,0,0,0,0,0,2,6,1.92400897008682
"CRMP1",0,0,0,0,0,0,0,0,0,0,0,0,18,1.91388533645819
"UBL3",0,0,0,0,0,0,0,0,0,0,0,0,18,1.91388533645819
"RNF175",0,0,0,0,0,0,0,0,0,0,0,0,18,1.91388533645819
"SYT7",0,0,0,0,0,0,0,0,0,0,0,1,9,1.9125686187821
"SH2D3A",0,0,0,0,0,0,0,0,0,0,0,1,9,1.9125686187821
"EIF3M",0,0,0,0,0,0,0,0,0,0,0,1,9,1.9125686187821
"NDUFA3",0,0,0,0,0,0,0,0,0,0,0,1,9,1.9125686187821
"TOMM5",0,0,0,0,0,0,0,0,0,0,0,1,9,1.9125686187821
"NEFL",0,0,0,0,0,0,0,0,0,0,0,1,9,1.9125686187821
"CYP39A1",0,0,0,0,0,0,0,0,0,0,0,0,17,1.87874164263251
"KIAA1522",0,0,0,0,0,0,0,0,0,0,0,0,17,1.87874164263251
"CRYL1",0,0,0,0,0,0,0,0,0,0,0,0,17,1.87874164263251
"CLDN18",0,0,0,0,0,0,0,0,0,0,0,1,8,1.84408428360451
"CAMSAP3",0,0,0,0,0,0,0,0,0,0,0,1,8,1.84408428360451
"P3H2",0,0,0,0,0,0,0,0,0,0,0,1,8,1.84408428360451
"C1QBP",0,0,0,0,0,0,0,0,0,0,0,1,8,1.84408428360451
"BICDL1",0,0,0,0,0,0,0,0,0,0,0,1,8,1.84408428360451
"GRB7",0,0,0,0,0,0,0,0,0,0,0,1,8,1.84408428360451
"PSMB6",0,0,0,0,0,0,0,0,0,0,0,1,8,1.84408428360451
"ST6GAL2",0,0,0,0,0,0,0,0,0,0,0,1,8,1.84408428360451
"TPBG",0,0,0,0,0,0,0,0,0,0,0,1,8,1.84408428360451
"GABRG3",0,0,0,0,0,0,0,0,0,0,0,1,8,1.84408428360451
"PREX2",0,0,0,0,0,0,0,0,0,0,0,0,16,1.84158867363654
"ATP8B1",0,0,0,0,0,0,0,0,0,0,0,0,16,1.84158867363654
"ZMAT5",0,0,0,0,0,0,0,0,0,0,0,0,16,1.84158867363654
"ZEB1",0,0,0,0,0,0,0,0,0,0,0,0,16,1.84158867363654
"C1orf123",0,0,0,0,0,0,0,0,0,0,0,0,16,1.84158867363654
"TNFSF15",0,0,0,0,0,0,0,0,0,0,0,0,16,1.84158867363654
"PPA1",0,0,0,0,0,0,0,0,0,0,0,0,15,1.80218266945586
"RNF125",0,0,0,0,0,0,0,0,0,0,0,1,7,1.76752531042786
"ATP8A1",0,0,0,0,0,0,0,0,0,0,0,1,7,1.76752531042786
"TULP4",0,0,0,0,0,0,0,0,0,0,0,1,7,1.76752531042786
"LGALS3",0,0,0,0,0,0,0,0,0,0,0,1,7,1.76752531042786
"CDH13",0,0,0,0,0,0,0,0,0,0,0,1,7,1.76752531042786
"HTR3B",0,0,0,0,0,0,0,0,0,0,0,1,7,1.76752531042786
"TSPAN33",0,0,0,0,0,0,0,0,0,0,0,1,7,1.76752531042786
"TKT",0,0,0,0,0,0,0,0,0,0,0,1,7,1.76752531042786
"CAMTA1",0,0,0,0,0,0,0,0,0,0,0,1,7,1.76752531042786
"KCNB2",0,0,0,0,0,0,0,0,0,0,0,1,7,1.76752531042786
"PMEL",0,0,0,0,0,0,0,0,0,0,0,1,7,1.76752531042786
"CES1",0,0,0,0,0,0,0,0,0,0,0,1,7,1.76752531042786
"MLLT11",0,0,0,0,0,0,0,0,0,0,0,1,7,1.76752531042786
"POLR2E",0,0,0,0,0,0,0,0,0,0,0,0,14,1.76023263071644
"BAG1",0,0,0,0,0,0,0,0,0,0,0,0,14,1.76023263071644
"DSE",0,0,0,0,0,0,0,0,0,0,0,0,14,1.76023263071644
"LIMD2",0,0,0,0,0,0,0,0,0,0,0,0,14,1.76023263071644
"CCDC85B",0,0,0,0,0,0,0,0,0,0,0,0,14,1.76023263071644
"NUDT14",0,0,0,0,0,0,0,0,0,0,0,0,14,1.76023263071644
"ABHD11",0,0,0,0,0,0,0,0,0,0,0,0,13,1.71538726424992
"LSM5",0,0,0,0,0,0,0,0,0,0,0,0,13,1.71538726424992
"CCDC15",0,0,0,0,0,0,0,0,0,0,0,0,13,1.71538726424992
"FAAH2",0,0,0,0,0,0,0,0,0,0,0,0,13,1.71538726424992
"TMEM139",0,0,0,0,0,0,0,0,0,0,0,0,13,1.71538726424992
"TP53INP2",0,0,0,0,0,0,0,0,0,0,0,1,6,1.68072990522192
"MTHFD1",0,0,0,0,0,0,0,0,0,0,0,1,6,1.68072990522192
"MTCH2",0,0,0,0,0,0,0,0,0,0,0,1,6,1.68072990522192
"ULBP1",0,0,0,0,0,0,0,0,0,0,0,1,6,1.68072990522192
"PLPPR5",0,0,0,0,0,0,0,0,0,0,0,1,6,1.68072990522192
"DDX39A",0,0,0,0,0,0,0,0,0,0,0,1,6,1.68072990522192
"C17orf53",0,0,0,0,0,0,0,0,0,0,0,1,6,1.68072990522192
"NXNL2",0,0,0,0,0,0,0,0,0,0,0,1,6,1.68072990522192
"ARHGAP32",0,0,0,0,0,0,0,0,0,0,0,1,6,1.68072990522192
"ITGA7",0,0,0,0,0,0,0,0,0,0,0,1,6,1.68072990522192
"CNKSR1",0,0,0,0,0,0,0,0,0,0,0,1,6,1.68072990522192
"FGF18",0,0,0,0,0,0,0,0,0,0,0,1,6,1.68072990522192
"CTSB",0,0,0,0,0,0,0,0,0,0,0,1,6,1.68072990522192
"NTF3",0,0,0,0,0,0,0,0,0,0,0,1,6,1.68072990522192
"NEBL",0,0,0,0,0,0,0,0,0,0,0,0,12,1.66721708235
"ERH",0,0,0,0,0,0,0,0,0,0,0,0,12,1.66721708235
"APEX1",0,0,0,0,0,0,0,0,0,0,0,0,12,1.66721708235
"TMEM97",0,0,0,0,0,0,0,0,0,0,0,0,12,1.66721708235
"NPC2",0,0,0,0,0,0,0,0,0,0,0,0,12,1.66721708235
"PLA2G7",0,0,0,0,0,0,0,0,0,0,0,0,12,1.66721708235
"ASTN1",0,0,0,0,0,0,0,0,0,0,0,0,12,1.66721708235
"PTPN14",0,0,0,0,0,0,0,0,0,0,0,0,12,1.66721708235
"CCDC50",0,0,0,0,0,0,0,0,0,0,0,0,12,1.66721708235
"DACT1",0,0,0,0,0,0,0,0,0,0,0,0,12,1.66721708235
"POLE",0,0,0,0,0,0,0,0,0,0,0,0,12,1.66721708235
"GPX1",0,0,0,0,0,0,0,0,0,0,0,0,12,1.66721708235
"CROT",0,0,0,0,0,0,0,0,0,0,0,0,11,1.6151893223622
"SRI",0,0,0,0,0,0,0,0,0,0,0,0,11,1.6151893223622
"ABLIM1",0,0,0,0,0,0,0,0,0,0,0,0,11,1.6151893223622
"SLC38A1",0,0,0,0,0,0,0,0,0,0,0,0,11,1.6151893223622
"BMP4",0,0,0,0,0,0,0,0,0,0,0,0,11,1.6151893223622
"HAUS6",0,0,0,0,0,0,0,0,0,0,0,0,11,1.6151893223622
"ADM",0,0,0,0,0,0,0,0,0,0,0,0,11,1.6151893223622
"WNT4",0,0,0,0,0,0,0,0,0,0,0,0,11,1.6151893223622
"APOLD1",0,0,0,0,0,0,0,0,0,0,0,0,11,1.6151893223622
"UBR7",0,0,0,0,0,0,0,0,0,0,0,0,10,1.55863192731894
"CDH19",0,0,0,0,0,0,0,0,0,0,0,0,10,1.55863192731894
"CUEDC2",0,0,0,0,0,0,0,0,0,0,0,0,10,1.55863192731894
"PHACTR1",0,0,0,0,0,0,0,0,0,0,0,0,10,1.55863192731894
"CFDP1",0,0,0,0,0,0,0,0,0,0,0,0,10,1.55863192731894
"NDUFB6",0,0,0,0,0,0,0,0,0,0,0,0,10,1.55863192731894
"RPL36AL",0,0,0,0,0,0,0,0,0,0,0,0,10,1.55863192731894
"ELP5",0,0,0,0,0,0,0,0,0,0,0,0,10,1.55863192731894
"SERPINB9",0,0,0,0,0,0,0,0,0,0,0,0,10,1.55863192731894
"FEZ2",0,0,0,0,0,0,0,0,0,0,0,0,10,1.55863192731894
"ITGB5",0,0,0,0,0,0,0,0,0,0,0,0,9,1.49668031044613
"APLP1",0,0,0,0,0,0,0,0,0,0,0,0,9,1.49668031044613
"NOP53",0,0,0,0,0,0,0,0,0,0,0,0,9,1.49668031044613
"BIN1",0,0,0,0,0,0,0,0,0,0,0,0,9,1.49668031044613
"STXBP1",0,0,0,0,0,0,0,0,0,0,0,0,9,1.49668031044613
"SERBP1",0,0,0,0,0,0,0,0,0,0,0,0,9,1.49668031044613
"HSPB8",0,0,0,0,0,0,0,0,0,0,0,0,9,1.49668031044613
"TAB3",0,0,0,0,0,0,0,0,0,0,0,0,9,1.49668031044613
"ARL6IP1",0,0,0,0,0,0,0,0,0,0,0,0,9,1.49668031044613
"CNIH2",0,0,0,0,0,0,0,0,0,0,0,0,9,1.49668031044613
"CASP4",0,0,0,0,0,0,0,0,0,0,0,0,9,1.49668031044613
"LYPLA2",0,0,0,0,0,0,0,0,0,0,0,0,8,1.42819597526854
"PSMA4",0,0,0,0,0,0,0,0,0,0,0,0,8,1.42819597526854
"PUS7",0,0,0,0,0,0,0,0,0,0,0,0,8,1.42819597526854
"SNU13",0,0,0,0,0,0,0,0,0,0,0,0,8,1.42819597526854
"NKAIN4",0,0,0,0,0,0,0,0,0,0,0,0,8,1.42819597526854
"TMEM147",0,0,0,0,0,0,0,0,0,0,0,0,8,1.42819597526854
"LDB3",0,0,0,0,0,0,0,0,0,0,0,0,8,1.42819597526854
"NRK",0,0,0,0,0,0,0,0,0,0,0,0,8,1.42819597526854
"GRPR",0,0,0,0,0,0,0,0,0,0,0,0,8,1.42819597526854
"MKRN1",0,0,0,0,0,0,0,0,0,0,0,0,8,1.42819597526854
"SGSM1",0,0,0,0,0,0,0,0,0,0,0,0,8,1.42819597526854
"ID4",0,0,0,0,0,0,0,0,0,0,0,0,8,1.42819597526854
"FUCA1",0,0,0,0,0,0,0,0,0,0,0,0,8,1.42819597526854
"SH3YL1",0,0,0,0,0,0,0,0,0,0,0,0,7,1.35163700209189
"MAP4K4",0,0,0,0,0,0,0,0,0,0,0,0,7,1.35163700209189
"ITM2A",0,0,0,0,0,0,0,0,0,0,0,0,7,1.35163700209189
"TMEM205",0,0,0,0,0,0,0,0,0,0,0,0,7,1.35163700209189
"SUB1",0,0,0,0,0,0,0,0,0,0,0,0,7,1.35163700209189
"ITGB1BP1",0,0,0,0,0,0,0,0,0,0,0,0,7,1.35163700209189
"PRDX4",0,0,0,0,0,0,0,0,0,0,0,0,7,1.35163700209189
"CHPF",0,0,0,0,0,0,0,0,0,0,0,0,7,1.35163700209189
"PDLIM4",0,0,0,0,0,0,0,0,0,0,0,0,7,1.35163700209189
"ADAM20",0,0,0,0,0,0,0,0,0,0,0,0,7,1.35163700209189
"PAK1",0,0,0,0,0,0,0,0,0,0,0,0,7,1.35163700209189
"DRD2",0,0,0,0,0,0,0,0,0,0,0,0,7,1.35163700209189
"SCLT1",0,0,0,0,0,0,0,0,0,0,0,0,7,1.35163700209189
"GRAMD2B",0,0,0,0,0,0,0,0,0,0,0,0,7,1.35163700209189
"PHF6",0,0,0,0,0,0,0,0,0,0,0,0,7,1.35163700209189
"BNC1",0,0,0,0,0,0,0,0,0,0,0,0,7,1.35163700209189
"SOX2",0,0,0,0,0,0,0,0,0,0,0,0,7,1.35163700209189
"MRPL41",0,0,0,0,0,0,0,0,0,0,0,0,7,1.35163700209189
"ZNRF3",0,0,0,0,0,0,0,0,0,0,0,0,7,1.35163700209189
"CD47",0,0,0,0,0,0,0,0,0,0,0,0,7,1.35163700209189
"HIST1H4E",0,0,0,0,0,0,0,0,0,0,0,0,7,1.35163700209189
"TFPI",0,0,0,0,0,0,0,0,0,0,0,0,6,1.26484159688595
"SLC25A5",0,0,0,0,0,0,0,0,0,0,0,0,6,1.26484159688595
"NDUFB2",0,0,0,0,0,0,0,0,0,0,0,0,6,1.26484159688595
"ACOT7",0,0,0,0,0,0,0,0,0,0,0,0,6,1.26484159688595
"KLF8",0,0,0,0,0,0,0,0,0,0,0,0,6,1.26484159688595
"PTGES3",0,0,0,0,0,0,0,0,0,0,0,0,6,1.26484159688595
"FAM184A",0,0,0,0,0,0,0,0,0,0,0,0,6,1.26484159688595
"OPTN",0,0,0,0,0,0,0,0,0,0,0,0,6,1.26484159688595
"ATXN1",0,0,0,0,0,0,0,0,0,0,0,0,6,1.26484159688595
"LAMTOR5",0,0,0,0,0,0,0,0,0,0,0,0,6,1.26484159688595
"RNASEH2B",0,0,0,0,0,0,0,0,0,0,0,0,6,1.26484159688595
"CRIM1",0,0,0,0,0,0,0,0,0,0,0,0,6,1.26484159688595
"APBB2",0,0,0,0,0,0,0,0,0,0,0,0,6,1.26484159688595
"CYP2S1",0,0,0,0,0,0,0,0,0,0,0,0,6,1.26484159688595
"ATP5H",0,0,0,0,0,0,0,0,0,0,0,0,6,1.26484159688595
"FRMD5",0,0,0,0,0,0,0,0,0,0,0,0,6,1.26484159688595
"A2M",0,0,0,0,0,0,0,0,0,0,0,0,6,1.26484159688595
"NCKAP5",0,0,0,0,0,0,0,0,0,0,0,0,6,1.26484159688595
"PYCR1",0,0,0,0,0,0,0,0,0,0,0,0,6,1.26484159688595
"CMSS1",0,0,0,0,0,0,0,0,0,0,0,0,6,1.26484159688595
"SLIT1",0,0,0,0,0,0,0,0,0,0,0,0,6,1.26484159688595
"WDSUB1",0,0,0,0,0,0,0,0,0,0,0,0,6,1.26484159688595
"LSM2",0,0,0,0,0,0,0,0,0,0,0,0,6,1.26484159688595
"MZT1",0,0,0,0,0,0,0,0,0,0,0,0,6,1.26484159688595
"CHMP1B",0,0,0,0,0,0,0,0,0,0,0,0,6,1.26484159688595
